Breed; Age; Gender; Set; Length; Weight; Color; Pattern; Eye Color; Walks; Eating; Playing (min.); Sleeps (hours); Country; Latitude; Longitude;;
Angora;3;female;FALSE;19;2;white;solid;blue;FALSE;wet;46;16;France;43.29648;5.36978;;
Angora;4;male;FALSE;19;2;white;solid;blue;FALSE;wet;48;16;France;43.61166;3.87771;;
Angora;6;male;FALSE;20;2;black;solid;green;FALSE;wet;41;11;France;44.83779;-0.57918;;
Angora;6;female;FALSE;21;3;white;solid;blue;FALSE;wet;24;8;France;43.61166;3.87771;;
Angora;6;male;FALSE;21;3;red/cream;tabby;green;FALSE;wet;51;10;France;48.86472;2.34901;;
Angora;6;female;FALSE;21;3;white;solid;amber;FALSE;wet;30;10;France;43.61166;3.87771;;
Angora;7;male;FALSE;22;3;white;solid;amber;FALSE;wet;47;9;France;47.21837;-1.55362;; 
Angora;7;male;FALSE;23;3;red/cream;solid;blue;FALSE;wet;55;11;France;47.21837;-1.55362;;
Angora;7;female;FALSE;25;3;black;tortie;blue;FALSE;wet;20;12;France;43.29648;5.36978;;
Angora;8;female;FALSE;25;3;white;solid;blue;FALSE;wet;33;17;France;44.83779;-0.57918;;
Angora;8;female;FALSE;26;3;black;solid;green;FALSE;wet;39;18;France;43.29648;5.36978;;
Angora;8;male;TRUE;26;3;white;solid;amber;FALSE;wet;38;19;France;43.61166;3.87771;;
Angora;9;male;TRUE;27;3;white;solid;amber;FALSE;wet;46;16;France;48.86472;2.34901;;
Angora;13;male;FALSE;28;3;white;solid;blue;FALSE;wet;35;14;France;45.76342;4.83428;;
Angora;16;male;TRUE;30;3;red/cream;tabby;blue;FALSE;dry;38;20;France;48.86472;2.34901;;
Angora;10;male;FALSE;31;3;white;solid;green;FALSE;dry;56;17;France;48.86472;2.34901;;
Angora;17;female;TRUE;31;3;white;solid;green;FALSE;wet;48;14;France;47.21837;-1.55362;;
Angora;11;female;TRUE;31;3;white;solid;amber;FALSE;wet;55;19;France;44.83779;-0.57918;;
Angora;12;male;FALSE;31;3;white;solid;blue;TRUE;wet;42;14;France;43.29648;5.36978;;
Angora;12;male;TRUE;35;3;white;solid;amber;FALSE;wet;41;17;France;45.76342;4.83428;;
Angora;52;male;FALSE;25;4;white;solid;blue;FALSE;dry;36;14;France;44.83779;-0.57918;;
Angora;14;female;FALSE;34;4;white;solid;blue;TRUE;wet;23;17;France;48.86472;2.34901;;
Angora;36;male;TRUE;38;5;white;solid;amber;FALSE;wet;16;14;France;43.29648;5.36978;;
Angora;14;female;TRUE;25;3;white;solid;amber;FALSE;wet;19;17;France;45.76342;4.83428;;
Angora;48;male;TRUE;39;4;white;solid;amber;FALSE;wet;33;14;France;45.76342;4.83428;;
Angora;70;male;TRUE;37;4;black;solid;green;TRUE;dry;9;16;France;48.86472;2.34901;;
Angora;15;female;TRUE;26;4;white;solid;blue;FALSE;wet;25;15;France;43.29648;5.36978;;
Angora;64;male;TRUE;44;4;white;solid;blue;TRUE;wet;20;16;France;44.83779;-0.57918;;
Angora;15;male;TRUE;40;4;red/cream;tabby;blue;FALSE;wet;35;17;France;45.76342;4.83428;;
Angora;59;male;FALSE;41;5;black;solid;green;FALSE;dry;31;14;France;47.21837;-1.55362;;
Angora;18;male;FALSE;40;5;white;solid;blue;FALSE;wet;27;14;France;43.29648;5.36978;;
Angora;19;female;TRUE;33;5;white;solid;amber;FALSE;dry;18;18;France;48.86472;2.34901;;
Angora;19;female;TRUE;33;5;white;solid;amber;TRUE;wet;12;19;France;48.86472;2.34901;;
Angora;54;male;TRUE;37;4;white;solid;blue;FALSE;wet;9;14;France;47.21837;-1.55362;;
Angora;57;male;FALSE;41;5;black;solid;blue;TRUE;dry;19;14;France;44.83779;-0.57918;;
Angora;20;female;TRUE;35;5;white;solid;amber;FALSE;wet;10;15;France;45.76342;4.83428;;
Angora;20;male;TRUE;28;5;white;solid;amber;TRUE;wet;39;18;France;43.29648;5.36978;;
Angora;20;male;FALSE;36;4;black;solid;green;FALSE;wet;35;19;France;43.61166;3.87771;;
Angora;21;female;TRUE;28;4;white;solid;amber;FALSE;wet;10;17;France;48.86472;2.34901;;
Angora;21;female;TRUE;34;4;black;solid;blue;FALSE;dry;23;19;France;45.76342;4.83428;;
Angora;21;female;FALSE;34;4;white;solid;blue;TRUE;wet;25;20;France;44.83779;-0.57918;;
Angora;22;female;TRUE;22;2;black;solid;green;FALSE;wet;40;20;France;44.83779;-0.57918;;
Angora;22;male;FALSE;41;4;white;solid;blue;FALSE;dry;45;20;France;43.61166;3.87771;;
Angora;22;female;TRUE;24;4;black;bicolor;amber;TRUE;wet;30;16;France;48.86472;2.34901;;
Angora;23;female;FALSE;35;4;white;solid;amber;FALSE;dry;21;18;France;43.61166;3.87771;;
Angora;23;female;TRUE;33;4;white;solid;amber;FALSE;wet;14;16;France;44.83779;-0.57918;;
Angora;24;female;FALSE;32;5;black;solid;green;FALSE;wet;11;14;France;47.21837;-1.55362;;
Angora;24;female;TRUE;35;5;white;solid;blue;FALSE;wet;15;14;France;48.86472;2.34901;;
Angora;24;male;TRUE;38;5;white;solid;blue;TRUE;dry;23;16;France;44.83779;-0.57918;;
Angora;25;female;FALSE;33;3;white;solid;amber;FALSE;wet;36;14;France;48.86472;2.34901;;
Angora;25;male;FALSE;41;3;black;solid;green;FALSE;wet;11;16;France;48.86472;2.34901;;
Angora;26;female;TRUE;35;3;white;solid;blue;FALSE;wet;28;17;France;48.86472;2.34901;;
Angora;27;male;FALSE;38;3;red/cream;tabby;blue;FALSE;wet;11;14;France;44.83779;-0.57918;;
Angora;27;female;FALSE;34;2;black;solid;green;FALSE;wet;10;14;France;43.61166;3.87771;;
Angora;27;male;TRUE;25;2;white;solid;amber;FALSE;wet;39;16;France;47.21837;-1.55362;;
Angora;27;male;TRUE;38;2;white;solid;amber;FALSE;wet;39;14;France;48.86472;2.34901;;
Angora;28;female;FALSE;36;4;red/cream;solid;blue;FALSE;dry;19;14;France;47.21837;-1.55362;;
Angora;28;female;FALSE;36;5;white;solid;blue;FALSE;wet;19;16;France;45.76342;4.83428;;
Angora;28;male;TRUE;39;5;white;solid;blue;FALSE;wet;34;14;France;45.76342;4.83428;;
Angora;28;female;TRUE;36;4;white;solid;amber;FALSE;dry;32;17;France;45.76342;4.83428;;
Angora;28;female;TRUE;39;4;black;solid;green;TRUE;dry;33;14;France;43.29648;5.36978;;
Angora;29;male;FALSE;39;4;white;solid;blue;FALSE;wet;37;14;France;48.86472;2.34901;;
Angora;30;female;TRUE;35;3;white;solid;green;FALSE;wet;18;14;France;44.83779;-0.57918;;
Angora;30;male;FALSE;37;3;white;solid;amber;FALSE;wet;44;16;France;44.83779;-0.57918;;
Angora;31;male;TRUE;40;3;red/cream;solid;blue;FALSE;wet;38;14;France;48.86472;2.34901;;
Angora;31;female;FALSE;32;3;white;solid;blue;FALSE;dry;30;16;France;44.83779;-0.57918;;
Angora;32;female;TRUE;38;4;red/cream;solid;blue;FALSE;wet;37;14;France;44.83779;-0.57918;;
Angora;32;male;FALSE;40;4;black;solid;blue;FALSE;dry;30;14;France;43.29648;5.36978;;
Angora;32;female;TRUE;34;6;black;solid;green;TRUE;dry;21;14;France;45.76342;4.83428;;
Angora;35;female;TRUE;34;6;white;solid;green;TRUE;wet;28;14;France;43.29648;5.36978;;
Angora;35;female;TRUE;32;6;white;solid;amber;FALSE;wet;33;14;France;48.86472;2.34901;;
Angora;35;male;TRUE;41;6;white;solid;amber;FALSE;wet;21;14;USA;40.71427;-74.00597;;
Angora;35;male;FALSE;39;5;white;solid;blue;FALSE;wet;28;14;USA;40.71427;-74.00597;;
Angora;36;male;TRUE;39;5;white;solid;green;FALSE;dry;16;15;USA;40.71427;-74.00597;;
Angora;36;male;FALSE;39;5;white;solid;blue;FALSE;wet;44;14;USA;37.77493;-122.41942;;
Angora;37;male;TRUE;39;5;red/cream;tabby;blue;FALSE;dry;25;16;USA;47.60621;-122.33207;;
Angora;37;male;TRUE;38;4;black;solid;green;TRUE;wet;25;14;USA;47.60621;-122.33207;;
Angora;37;male;TRUE;40;4;white;solid;blue;FALSE;dry;11;14;France;44.83779;-0.57918;;
Angora;38;female;FALSE;36;4;white;solid;amber;FALSE;wet;11;14;USA;40.71427;-74.00597;;
Angora;39;male;FALSE;40;6;black;bicolor;blue;FALSE;wet;12;16;USA;47.60621;-122.33207;;
Angora;41;male;TRUE;41;6;white;solid;amber;FALSE;dry;24;17;USA;45.52345;-122.67621;;
Angora;42;male;TRUE;39;6;black;solid;blue;FALSE;wet;15;16;USA;45.52345;-122.67621;;
Angora;42;male;TRUE;40;6;white;solid;green;TRUE;dry;13;16;USA;47.60621;-122.33207;;
Angora;42;female;FALSE;33;6;white;solid;amber;FALSE;dry;37;14;USA;41.88183;-87.62318;;
Angora;43;female;TRUE;35;3;white;solid;blue;FALSE;dry;23;16;France;48.86472;2.34901;;
Angora;43;female;TRUE;34;3;white;solid;blue;FALSE;wet;20;14;USA;41.88183;-87.62318;;
Angora;44;male;FALSE;39;3;white;solid;amber;FALSE;wet;23;14;USA;47.60621;-122.33207;;
Angora;44;male;FALSE;37;3;white;solid;amber;FALSE;wet;32;14;France;43.61166;3.87771;;
Angora;44;male;TRUE;37;5;white;solid;blue;FALSE;wet;33;14;USA;37.77493;-122.41942;;
Angora;45;male;TRUE;43;5;white;solid;blue;FALSE;wet;38;14;USA;39.29038;-76.61219;;
Angora;46;male;FALSE;37;4;white;solid;green;FALSE;wet;38;16;USA;38.89511;-77.03637;;
Angora;46;male;TRUE;40;4;black;bicolor;amber;TRUE;wet;11;15;USA;40.71427;-74.00597;;
Angora;46;male;FALSE;39;4;red/cream;tabby;blue;FALSE;dry;18;14;France;47.21837;-1.55362;;
Angora;47;female;TRUE;34;6;white;solid;amber;FALSE;dry;25;14;USA;40.71427;-74.00597;;
Angora;47;female;TRUE;37;6;black;solid;amber;FALSE;dry;25;15;USA;42.35843;-71.05977;;
Angora;47;female;TRUE;35;6;white;solid;blue;FALSE;wet;28;14;USA;38.89511;-77.03637;;
Angora;47;male;FALSE;39;6;white;solid;blue;FALSE;wet;23;15;USA;41.88183;-87.62318;;
Angora;48;male;TRUE;36;6;white;solid;green;FALSE;wet;28;17;USA;38.89511;-77.03637;;
Angora;49;male;FALSE;37;4;white;solid;green;FALSE;wet;38;14;USA;39.29038;-76.61219;;
Angora;49;female;FALSE;35;4;white;solid;blue;FALSE;wet;11;14;USA;40.71427;-74.00597;;
Angora;49;male;TRUE;37;4;white;solid;blue;FALSE;wet;12;14;USA;42.35843;-71.05977;;
Angora;50;female;TRUE;37;4;white;solid;amber;FALSE;dry;23;14;USA;42.35843;-71.05977;;
Angora;50;male;FALSE;41;4;white;solid;amber;FALSE;wet;24;16;USA;38.89511;-77.03637;;
Angora;50;female;TRUE;35;4;white;solid;amber;TRUE;dry;28;14;USA;45.52345;-122.67621;;
Angora;51;male;TRUE;37;4;white;solid;amber;FALSE;dry;36;14;France;45.76342;4.83428;;
Angora;52;female;TRUE;34;3;white;solid;blue;FALSE;wet;37;16;USA;42.35843;-71.05977;;
Angora;52;female;TRUE;35;3;black;solid;amber;FALSE;wet;30;14;USA;45.52345;-122.67621;;
Angora;52;female;TRUE;32;3;white;solid;blue;FALSE;wet;40;14;USA;47.60621;-122.33207;;
Angora;53;male;FALSE;39;5;white;solid;blue;FALSE;wet;34;16;USA;38.89511;-77.03637;;
Angora;54;male;TRUE;41;5;white;solid;amber;FALSE;dry;19;14;USA;40.71427;-74.00597;;
Angora;54;male;FALSE;39;5;white;solid;blue;FALSE;wet;39;16;USA;37.77493;-122.41942;;
Angora;55;female;FALSE;35;5;white;solid;blue;FALSE;wet;36;14;USA;40.71427;-74.00597;;
Angora;55;female;TRUE;37;4;white;solid;amber;TRUE;wet;39;17;USA;38.89511;-77.03637;;
Angora;55;male;FALSE;35;4;white;solid;amber;FALSE;dry;36;17;USA;38.89511;-77.03637;;
Angora;55;female;TRUE;37;4;white;solid;amber;FALSE;dry;24;14;USA;38.89511;-77.03637;;
Angora;55;male;TRUE;38;4;red/cream;solid;blue;FALSE;wet;17;14;USA;38.89511;-77.03637;;
Angora;57;female;FALSE;38;4;white;solid;amber;FALSE;wet;14;16;USA;40.71427;-74.00597;;
Angora;57;female;TRUE;38;4;white;solid;amber;FALSE;dry;23;14;USA;38.89511;-77.03637;;
Angora;57;male;FALSE;37;4;white;solid;blue;FALSE;dry;32;16;USA;40.71427;-74.00597;;
Angora;58;male;TRUE;40;5;white;solid;amber;FALSE;wet;18;14;USA;37.77493;-122.41942;;
Angora;58;female;TRUE;37;3;white;solid;amber;FALSE;wet;20;14;France;43.29648;5.36978;;
Angora;58;male;FALSE;36;3;white;solid;blue;FALSE;wet;32;17;USA;38.89511;-77.03637;;
Angora;59;male;TRUE;36;3;white;solid;green;FALSE;dry;29;16;USA;40.71427;-74.00597;;
Angora;59;male;FALSE;41;3;white;solid;amber;FALSE;wet;14;14;USA;38.89511;-77.03637;;
Angora;59;male;TRUE;40;4;red/cream;tabby;amber;TRUE;wet;31;14;USA;40.71427;-74.00597;;
Angora;59;female;TRUE;38;2;white;solid;blue;FALSE;wet;28;17;USA;41.88183;-87.62318;;
Angora;60;female;TRUE;39;2;white;solid;blue;FALSE;dry;32;14;USA;40.71427;-74.00597;;
Angora;60;male;TRUE;37;2;white;solid;amber;FALSE;dry;29;14;USA;45.52345;-122.67621;;
Angora;61;male;TRUE;40;2;white;solid;amber;FALSE;wet;31;14;USA;42.35843;-71.05977;;
Angora;61;female;FALSE;39;2;white;solid;blue;FALSE;wet;27;16;USA;42.35843;-71.05977;;
Angora;61;female;TRUE;37;2;white;solid;blue;FALSE;dry;29;14;USA;40.71427;-74.00597;;
Angora;62;female;FALSE;39;5;white;solid;blue;FALSE;dry;35;17;Germany;50.11092;8.68213;;
Angora;62;female;TRUE;34;5;white;solid;green;FALSE;dry;9;14;Germany;52.52001;13.40495;;
Angora;62;female;TRUE;38;5;white;solid;green;TRUE;wet;9;14;Germany;48.13715;11.57612;;
Angora;62;female;FALSE;38;5;white;solid;amber;FALSE;wet;27;14;Germany;48.13715;11.57612;;
Angora;62;male;TRUE;36;5;white;solid;amber;FALSE;wet;19;14;Germany;48.13715;11.57612;;
Angora;62;male;TRUE;40;5;white;solid;blue;FALSE;wet;39;14;Germany;50.11092;8.68213;;
Angora;62;male;FALSE;36;4;white;solid;blue;FALSE;wet;37;14;Germany;52.52001;13.40495;;
Angora;62;female;FALSE;39;4;white;solid;blue;FALSE;wet;17;16;Germany;50.11092;8.68213;;
Angora;63;female;TRUE;31;4;white;solid;blue;FALSE;wet;29;16;Germany;48.13715;11.57612;;
Angora;63;female;FALSE;37;4;white;solid;blue;FALSE;dry;23;14;Germany;52.52001;13.40495;;
Angora;64;female;TRUE;35;4;white;solid;blue;FALSE;dry;26;14;Germany;50.11092;8.68213;;
Angora;64;male;FALSE;36;4;white;solid;blue;FALSE;wet;9;14;Germany;52.52001;13.40495;;
Angora;64;female;TRUE;37;4;white;solid;blue;TRUE;dry;16;14;Germany;48.13715;11.57612;;
Angora;65;male;TRUE;38;4;black;solid;amber;FALSE;wet;23;17;Germany;50.11092;8.68213;;
Angora;65;female;FALSE;39;6;white;solid;blue;FALSE;wet;27;17;Germany;51.22774;6.77346;;
Angora;66;male;TRUE;40;6;white;solid;green;FALSE;dry;17;14;Germany;52.52001;13.40495;;
Angora;67;male;FALSE;40;6;black;solid;blue;FALSE;wet;27;14;Germany;52.52001;13.40495;;
Angora;68;male;TRUE;39;6;white;solid;blue;FALSE;wet;12;14;Germany;52.52001;13.40495;;
Angora;68;male;FALSE;41;6;white;solid;blue;FALSE;dry;24;14;Germany;50.11092;8.68213;;
Angora;68;male;TRUE;36;6;white;solid;green;FALSE;dry;37;14;Germany;52.52001;13.40495;;
Angora;68;male;TRUE;37;3;red/cream;tabby;blue;FALSE;wet;37;15;Germany;51.22774;6.77346;;
Angora;69;male;FALSE;39;3;white;solid;amber;FALSE;dry;39;15;Germany;50.11092;8.68213;;
Angora;69;female;TRUE;38;3;black;bicolor;amber;FALSE;dry;18;14;USA;42.35843;-71.05977;;
Angora;69;female;TRUE;38;3;white;solid;amber;TRUE;wet;25;15;USA;42.35843;-71.05977;;
Angora;69;female;TRUE;31;3;white;solid;blue;FALSE;wet;9;15;USA;40.71427;-74.00597;;
Angora;71;female;TRUE;39;3;white;solid;green;FALSE;wet;12;16;USA;42.35843;-71.05977;;
Angora;71;male;FALSE;38;3;white;solid;green;FALSE;dry;26;13;USA;40.71427;-74.00597;;
Angora;71;male;TRUE;41;3;white;solid;amber;FALSE;wet;29;13;USA;42.35843;-71.05977;;
Angora;71;female;TRUE;36;2;white;solid;amber;FALSE;dry;29;16;USA;40.71427;-74.00597;;
Angora;72;male;FALSE;36;2;white;solid;blue;FALSE;wet;33;17;USA;40.71427;-74.00597;;
Angora;72;female;FALSE;36;2;white;solid;green;FALSE;dry;26;13;France;45.76342;4.83428;;
Angora;73;male;TRUE;38;2;white;solid;blue;FALSE;wet;16;14;USA;37.77493;-122.41942;;
Angora;73;female;TRUE;38;2;white;solid;blue;FALSE;wet;38;16;USA;38.89511;-77.03637;;
Angora;73;male;FALSE;41;2;white;solid;blue;FALSE;dry;39;16;USA;40.71427;-74.00597;;
Angora;75;male;FALSE;39;2;white;solid;blue;FALSE;wet;24;13;USA;37.77493;-122.41942;;
Angora;75;male;FALSE;38;2;white;solid;amber;FALSE;wet;23;16;France;43.61166;3.87771;;
Angora;75;male;FALSE;41;2;white;solid;amber;FALSE;wet;24;13;USA;39.29038;-76.61219;;
Angora;76;female;FALSE;37;4;white;solid;green;FALSE;dry;30;13;USA;40.71427;-74.00597;;
Angora;77;male;TRUE;36;4;white;solid;amber;FALSE;wet;12;16;USA;41.88183;-87.62318;;
Angora;78;female;TRUE;37;4;red/cream;solid;blue;FALSE;wet;30;17;USA;47.60621;-122.33207;;
Angora;78;male;TRUE;36;4;white;solid;blue;TRUE;dry;18;16;USA;41.88183;-87.62318;;
Angora;78;male;FALSE;39;6;black;bicolor;amber;FALSE;wet;15;17;USA;47.60621;-122.33207;;
Angora;78;female;FALSE;34;6;white;solid;blue;FALSE;wet;21;14;USA;42.35843;-71.05977;;
Angora;78;female;TRUE;38;6;white;solid;blue;FALSE;wet;9;13;USA;40.71427;-74.00597;;
Angora;79;male;FALSE;40;6;red/cream;tabby;blue;FALSE;wet;12;14;USA;39.29038;-76.61219;;
Angora;79;male;TRUE;41;6;red/cream;tabby;green;FALSE;dry;23;16;USA;40.71427;-74.00597;;
Angora;79;male;FALSE;41;5;white;solid;amber;FALSE;dry;16;17;Canada;43.65107;-79.34702;;
Angora;80;male;TRUE;40;5;white;solid;blue;FALSE;dry;13;14;Canada;51.05;-114.06667;;
Angora;80;female;FALSE;34;5;white;solid;amber;FALSE;dry;34;17;Canada;43.65107;-79.34702;;
Angora;81;female;FALSE;37;5;white;solid;blue;FALSE;dry;16;14;Canada;45.42153;-75.69719;;
Angora;81;male;TRUE;39;5;white;solid;amber;FALSE;dry;24;14;Canada;49.24629;-123.11623;;
Angora;81;male;TRUE;40;5;white;solid;blue;TRUE;wet;17;14;Canada;43.65107;-79.34702;;
Angora;82;female;FALSE;37;5;white;solid;amber;FALSE;dry;36;14;Canada;45.50889;-73.56167;;
Angora;83;male;TRUE;41;3;white;solid;blue;FALSE;wet;26;14;Canada;43.65107;-79.34702;;
Angora;83;male;TRUE;38;3;white;solid;amber;FALSE;wet;32;16;Canada;45.50889;-73.56167;;
Angora;83;female;TRUE;39;3;white;solid;amber;FALSE;wet;22;14;Canada;49.24629;-123.11623;;
Angora;84;male;TRUE;40;3;white;solid;blue;TRUE;dry;20;14;Canada;49.24629;-123.11623;;
Angora;84;male;TRUE;39;3;white;solid;amber;FALSE;dry;16;14;Canada;51.05;-114.06667;;
Angora;85;female;FALSE;35;4;white;solid;blue;FALSE;wet;27;14;Canada;45.42153;-75.69719;;
Angora;86;male;TRUE;40;4;white;solid;amber;FALSE;wet;9;20;Canada;49.24629;-123.11623;;
Angora;87;male;FALSE;39;4;white;solid;green;FALSE;wet;37;20;Canada;49.24629;-123.11623;;
Angora;87;male;TRUE;36;4;white;solid;amber;FALSE;dry;29;19;Canada;45.50889;-73.56167;;
Angora;87;male;FALSE;38;4;white;solid;amber;FALSE;wet;27;16;Canada;49.24629;-123.11623;;
Angora;87;female;FALSE;33;4;black;bicolor;amber;FALSE;dry;16;14;Canada;51.05;-114.06667;;
Angora;87;male;FALSE;40;5;white;solid;blue;FALSE;dry;17;19;Canada;51.05;-114.06667;;
Angora;87;male;TRUE;40;5;red/cream;tabby;blue;FALSE;wet;12;20;USA;47.60621;-122.33207;;
Angora;87;female;TRUE;33;5;white;solid;blue;FALSE;dry;23;18;USA;38.89511;-77.03637;;
Angora;88;male;FALSE;41;5;black;bicolor;blue;FALSE;dry;27;14;USA;37.77493;-122.41942;;
Angora;89;female;TRUE;35;5;white;solid;blue;TRUE;dry;25;19;USA;42.35843;-71.05977;;
Angora;89;female;TRUE;34;5;white;solid;amber;FALSE;wet;32;14;USA;40.71427;-74.00597;;
Angora;91;male;TRUE;39;6;white;solid;amber;FALSE;wet;5;14;USA;40.71427;-74.00597;;
Angora;91;male;TRUE;40;6;red/cream;tabby;blue;FALSE;dry;14;14;USA;38.89511;-77.03637;;
Angora;92;male;FALSE;36;6;white;solid;blue;FALSE;dry;31;18;USA;38.89511;-77.03637;;
Angora;92;male;TRUE;40;6;black;solid;blue;FALSE;dry;39;18;USA;40.71427;-74.00597;;
Angora;93;female;TRUE;33;6;white;solid;blue;TRUE;wet;26;18;USA;38.89511;-77.03637;;
Angora;93;male;TRUE;42;4;white;solid;green;FALSE;wet;16;14;USA;45.52345;-122.67621;;
Angora;93;female;FALSE;37;4;white;solid;green;FALSE;dry;28;18;USA;47.60621;-122.33207;;
Angora;93;male;TRUE;37;4;white;solid;blue;FALSE;wet;15;18;USA;38.89511;-77.03637;;
Angora;93;male;FALSE;41;4;black;solid;blue;FALSE;wet;30;20;USA;40.71427;-74.00597;;
Angora;94;male;FALSE;37;4;white;solid;amber;FALSE;wet;25;14;USA;42.35843;-71.05977;;
Angora;94;male;TRUE;38;4;white;solid;amber;FALSE;wet;37;14;USA;40.71427;-74.00597;;
Angora;94;male;TRUE;38;4;white;solid;amber;FALSE;dry;27;16;USA;39.29038;-76.61219;;
Angora;94;male;TRUE;40;4;white;solid;amber;FALSE;wet;25;18;USA;38.89511;-77.03637;;
Angora;94;female;TRUE;33;4;white;bicolor;blue;TRUE;wet;10;16;USA;42.35843;-71.05977;;
Angora;94;male;FALSE;40;5;white;solid;blue;FALSE;wet;25;18;USA;42.35843;-71.05977;;
Angora;94;male;TRUE;39;5;red/cream;solid;blue;FALSE;wet;24;16;USA;40.71427;-74.00597;;
Angora;95;male;TRUE;39;3;white;solid;amber;FALSE;wet;32;19;USA;37.77493;-122.41942;;
Angora;96;female;FALSE;37;3;black;bicolor;blue;FALSE;wet;29;17;USA;42.35843;-71.05977;;
Angora;96;male;FALSE;36;3;white;solid;green;FALSE;dry;28;16;USA;45.52345;-122.67621;;
Angora;96;female;TRUE;34;3;white;solid;amber;FALSE;wet;17;19;USA;40.71427;-74.00597;;
Angora;86;male;FALSE;36;3;red/cream;solid;blue;FALSE;dry;29;20;USA;38.89511;-77.03637;;
Angora;97;female;FALSE;33;5;white;solid;amber;FALSE;wet;18;19;USA;40.71427;-74.00597;;
Angora;97;male;TRUE;41;5;black;bicolor;amber;TRUE;wet;9;18;USA;42.35843;-71.05977;;
Angora;97;male;TRUE;37;5;red/cream;tabby;blue;FALSE;wet;27;16;USA;41.88183;-87.62318;;
Angora;48;female;TRUE;36;5;white;solid;blue;TRUE;wet;14;14;USA;37.77493;-122.41942;;
Angora;99;female;TRUE;34;4;white;solid;amber;FALSE;wet;25;19;USA;39.29038;-76.61219;;
Angora;50;female;FALSE;35;4;white;solid;blue;FALSE;dry;20;14;USA;45.52345;-122.67621;;
Angora;61;female;FALSE;36;4;white;solid;blue;FALSE;dry;16;16;USA;45.52345;-122.67621;;
Angora;55;female;TRUE;35;4;white;solid;amber;FALSE;dry;25;17;USA;38.89511;-77.03637;;
Angora;102;male;FALSE;40;4;white;solid;blue;FALSE;dry;18;14;USA;45.52345;-122.67621;;
Angora;85;male;TRUE;36;3;black;bicolor;blue;TRUE;wet;9;16;USA;40.71427;-74.00597;;
Angora;84;female;FALSE;33;3;white;solid;blue;FALSE;dry;34;14;USA;47.60621;-122.33207;;
Angora;103;male;FALSE;39;3;white;solid;amber;FALSE;wet;18;16;USA;42.35843;-71.05977;;
Angora;86;female;FALSE;38;3;white;solid;blue;FALSE;wet;21;14;USA;47.60621;-122.33207;;
Angora;103;male;TRUE;52;5;red/cream;solid;blue;FALSE;wet;30;16;USA;38.89511;-77.03637;;
Angora;104;female;TRUE;35;5;white;solid;amber;FALSE;dry;15;16;USA;40.71427;-74.00597;;
Angora;57;female;TRUE;34;5;white;solid;blue;TRUE;wet;22;14;USA;47.60621;-122.33207;;
Angora;82;female;TRUE;36;5;white;solid;blue;FALSE;wet;32;17;USA;42.35843;-71.05977;;
Angora;90;female;FALSE;36;5;white;solid;green;FALSE;wet;16;14;USA;38.89511;-77.03637;;
Angora;91;male;FALSE;36;5;white;solid;blue;FALSE;wet;39;18;USA;41.88183;-87.62318;;
Angora;107;female;TRUE;34;5;black;bicolor;amber;FALSE;dry;13;19;USA;40.71427;-74.00597;;
Angora;81;female;FALSE;33;6;white;solid;green;FALSE;wet;20;16;USA;45.52345;-122.67621;;
Angora;108;female;TRUE;38;6;white;solid;amber;TRUE;dry;6;17;USA;38.89511;-77.03637;;
Angora;88;female;FALSE;39;6;white;solid;amber;FALSE;wet;16;13;USA;38.89511;-77.03637;;
Angora;62;female;FALSE;36;6;white;solid;amber;FALSE;wet;27;13;USA;45.52345;-122.67621;;
Angora;109;male;TRUE;58;6;black;bicolor;blue;FALSE;wet;30;20;USA;42.35843;-71.05977;;
Angora;110;female;FALSE;35;6;white;solid;green;FALSE;wet;20;16;USA;47.60621;-122.33207;;
Angora;78;male;TRUE;39;6;white;solid;amber;FALSE;wet;25;17;USA;38.89511;-77.03637;;
Angora;111;male;TRUE;38;5;white;solid;amber;FALSE;wet;27;16;USA;38.89511;-77.03637;;
Angora;111;male;FALSE;38;5;white;solid;amber;FALSE;wet;22;19;USA;38.89511;-77.03637;;
Angora;112;female;FALSE;36;5;white;solid;green;FALSE;wet;25;14;USA;38.89511;-77.03637;;
Angora;100;male;TRUE;41;5;white;solid;blue;FALSE;dry;18;14;USA;40.71427;-74.00597;;
Angora;51;female;FALSE;33;5;white;solid;amber;FALSE;dry;38;17;USA;40.71427;-74.00597;;
Angora;77;female;TRUE;36;5;white;solid;blue;TRUE;wet;19;17;USA;38.89511;-77.03637;;
Angora;114;female;TRUE;38;4;white;solid;blue;FALSE;wet;18;19;USA;42.35843;-71.05977;;
Angora;115;male;TRUE;36;4;white;solid;green;FALSE;dry;28;16;USA;40.71427;-74.00597;;
Angora;36;female;TRUE;39;4;white;solid;amber;FALSE;wet;28;13;USA;40.71427;-74.00597;;
Angora;115;male;TRUE;61;4;black;bicolor;blue;TRUE;wet;13;20;USA;40.71427;-74.00597;;
Angora;116;female;TRUE;36;4;white;solid;blue;FALSE;wet;17;20;USA;40.71427;-74.00597;;
Angora;71;female;TRUE;35;6;white;solid;blue;FALSE;wet;34;13;USA;40.71427;-74.00597;;
Angora;116;male;FALSE;39;6;white;solid;amber;FALSE;dry;14;18;USA;39.29038;-76.61219;;
Angora;116;female;FALSE;37;6;white;solid;blue;FALSE;wet;11;20;USA;39.29038;-76.61219;;
Angora;76;female;TRUE;38;6;white;solid;blue;FALSE;dry;16;13;UK;53.48076;-2.24263;;
Angora;101;male;FALSE;40;6;white;solid;amber;FALSE;wet;26;16;UK;53.80076;-1.54908;;
Angora;117;male;FALSE;38;6;white;solid;blue;FALSE;wet;18;18;UK;52.48624;-1.8904;;
Angora;117;male;FALSE;37;6;white;solid;blue;FALSE;wet;13;17;UK;52.48624;-1.8904;;
Angora;48;female;TRUE;37;4;black;bicolor;blue;FALSE;wet;30;14;UK;53.48076;-2.24263;;
Angora;36;female;TRUE;35;4;black;bicolor;blue;FALSE;dry;23;14;UK;51.50735;-0.12776;;
Angora;118;female;FALSE;35;4;white;solid;blue;FALSE;wet;11;17;UK;52.48624;-1.8904;;
Angora;118;female;TRUE;39;4;white;solid;amber;TRUE;dry;6;14;UK;53.48076;-2.24263;;
Angora;118;male;FALSE;48;4;red/cream;tabby;blue;FALSE;dry;22;16;UK;53.40837;-2.99157;;
Angora;101;female;TRUE;36;4;white;solid;blue;TRUE;wet;18;20;UK;53.48076;-2.24263;;
Angora;59;female;TRUE;35;5;white;solid;amber;FALSE;dry;38;13;UK;51.50735;-0.12776;;
Angora;85;male;FALSE;40;5;black;tortie;blue;FALSE;wet;39;17;UK;52.48624;-1.8904;;
Angora;61;female;FALSE;33;5;white;solid;blue;FALSE;wet;13;13;UK;53.80076;-1.54908;;
Angora;120;male;FALSE;36;5;white;solid;amber;FALSE;wet;23;14;UK;53.48076;-2.24263;;
Angora;135;male;TRUE;40;5;white;solid;blue;FALSE;wet;13;18;UK;53.48076;-2.24263;;
Angora;120;female;TRUE;37;5;white;solid;blue;TRUE;wet;19;17;USA;40.71427;-74.00597;;
Angora;70;female;TRUE;35;5;red/cream;solid;blue;FALSE;wet;23;13;USA;41.88183;-87.62318;;
Maine coon;3;female;FALSE;22;5;brown/chocolate;tabby;blue;FALSE;wet;50;16;USA;37.77493;-122.41942;;
Maine coon;2;male;FALSE;25;3;white;solid;blue;FALSE;wet;60;16;USA;38.89511;-77.03637;;
Maine coon;5;male;FALSE;25;3;brown/chocolate;solid;yellow;FALSE;wet;20;16;USA;40.71427;-74.00597;;
Maine coon;6;male;FALSE;26;3;brown/chocolate;tabby;yellow;FALSE;wet;54;10;UK;53.40837;-2.99157;;
Maine coon;6;female;FALSE;30;3;brown/chocolate;tabby;yellow;FALSE;wet;39;10;UK;52.48624;-1.8904;;
Maine coon;6;female;FALSE;31;3;white;solid;blue;FALSE;wet;24;16;UK;51.50735;-0.12776;;
Maine coon;6;female;FALSE;34;3;black;tortie;yellow;FALSE;wet;41;13;UK;52.48624;-1.8904;;
Maine coon;7;male;FALSE;35;5;white;solid;blue;FALSE;wet;54;16;UK;51.50735;-0.12776;;
Maine coon;8;female;TRUE;36;5;brown/chocolate;tabby;blue;FALSE;wet;47;15;UK;53.48076;-2.24263;;
Maine coon;8;male;FALSE;38;5;white;solid;blue;FALSE;dry;40;16;UK;53.40837;-2.99157;;
Maine coon;8;male;TRUE;40;3;brown/chocolate;solid;yellow;FALSE;dry;54;18;UK;52.48624;-1.8904;;
Maine coon;60;female;FALSE;38;3;white;solid;blue;FALSE;wet;36;16;UK;51.50735;-0.12776;;
Maine coon;13;female;TRUE;42;3;black;solid;green;FALSE;wet;40;19;UK;52.48624;-1.8904;;
Maine coon;9;female;FALSE;34;3;white;solid;blue;FALSE;wet;28;20;UK;52.48624;-1.8904;;
Maine coon;9;female;TRUE;34;4;brown/chocolate;tabby;yellow;FALSE;wet;31;19;UK;51.50735;-0.12776;;
Maine coon;13;female;FALSE;31;4;white;solid;blue;FALSE;dry;28;16;UK;51.50735;-0.12776;;
Maine coon;9;male;FALSE;52;4;black;bicolor;yellow;FALSE;wet;22;20;UK;53.48076;-2.24263;;
Maine coon;58;female;TRUE;32;4;black;bicolor;yellow;FALSE;wet;21;13;UK;53.48076;-2.24263;;
Maine coon;44;female;TRUE;53;4;brown/chocolate;tabby;yellow;FALSE;wet;32;13;UK;51.50735;-0.12776;;
Maine coon;57;male;TRUE;56;4;red/cream;tabby;blue;FALSE;wet;44;13;UK;53.40837;-2.99157;;
Maine coon;13;female;TRUE;31;3;black;bicolor;green;FALSE;dry;28;18;UK;53.40837;-2.99157;;
Maine coon;11;female;FALSE;39;3;white;solid;blue;FALSE;wet;33;19;USA;41.88183;-87.62318;;
Maine coon;17;female;TRUE;37;3;white;solid;blue;FALSE;wet;27;18;USA;39.29038;-76.61219;;
Maine coon;12;male;TRUE;28;3;white;solid;blue;FALSE;wet;12;19;UK;52.48624;-1.8904;;
Maine coon;38;male;TRUE;32;3;white;solid;blue;TRUE;dry;28;17;UK;53.48076;-2.24263;;
Maine coon;12;male;FALSE;46;3;black;bicolor;yellow;FALSE;wet;17;17;UK;53.40837;-2.99157;;
Maine coon;12;female;TRUE;31;4;white;solid;blue;FALSE;wet;26;20;UK;53.80076;-1.54908;;
Maine coon;62;female;FALSE;38;4;brown/chocolate;tabby;green;FALSE;wet;38;13;UK;53.40837;-2.99157;;
Maine coon;79;male;FALSE;48;4;black;solid;yellow;FALSE;wet;36;13;France;47.21837;-1.55362;;
Maine coon;13;male;FALSE;55;4;black;solid;yellow;FALSE;wet;36;18;France;47.21837;-1.55362;;
Maine coon;48;male;FALSE;54;4;white;solid;yellow;FALSE;wet;11;13;France;48.86472;2.34901;;
Maine coon;54;male;TRUE;60;6;black;solid;blue;FALSE;dry;16;13;France;43.29648;5.36978;;
Maine coon;14;female;TRUE;35;6;white;solid;blue;FALSE;dry;18;18;France;47.21837;-1.55362;;
Maine coon;14;male;FALSE;35;6;black;bicolor;yellow;FALSE;wet;11;19;France;43.29648;5.36978;;
Maine coon;16;male;TRUE;56;6;black;solid;yellow;FALSE;wet;22;21;France;44.83779;-0.57918;;
Maine coon;16;female;TRUE;50;6;black;solid;yellow;FALSE;wet;17;21;France;48.86472;2.34901;;
Maine coon;67;male;TRUE;56;6;black;solid;yellow;FALSE;wet;17;16;France;48.86472;2.34901;;
Maine coon;17;female;FALSE;30;6;black;bicolor;yellow;FALSE;dry;39;18;France;45.76342;4.83428;;
Maine coon;17;male;TRUE;47;4;red/cream;tabby;yellow;FALSE;wet;22;19;France;44.83779;-0.57918;;
Maine coon;18;male;FALSE;46;4;brown/chocolate;tabby;yellow;FALSE;dry;13;18;France;47.21837;-1.55362;;
Maine coon;18;female;FALSE;38;4;brown/chocolate;tabby;blue;FALSE;dry;17;15;France;48.86472;2.34901;;
Maine coon;19;female;TRUE;60;4;black;solid;yellow;TRUE;wet;37;19;UK;51.50735;-0.12776;;
Maine coon;78;male;FALSE;53;4;brown/chocolate;tabby;yellow;FALSE;wet;31;13;UK;51.50735;-0.12776;;
Maine coon;19;male;TRUE;54;5;red/cream;tabby;green;FALSE;wet;14;19;UK;53.80076;-1.54908;;
Maine coon;69;male;FALSE;31;5;white;solid;blue;FALSE;dry;29;13;UK;53.80076;-1.54908;;
Maine coon;19;female;TRUE;53;5;black;solid;yellow;FALSE;wet;19;17;UK;53.80076;-1.54908;;
Maine coon;20;male;TRUE;35;5;brown/chocolate;tabby;yellow;FALSE;wet;34;19;UK;53.80076;-1.54908;;
Maine coon;20;male;FALSE;32;5;white;solid;blue;FALSE;wet;27;18;UK;51.50735;-0.12776;;
Maine coon;21;male;TRUE;36;5;red/cream;tabby;yellow;FALSE;wet;37;21;France;43.61166;3.87771;;
Maine coon;21;female;TRUE;53;4;black;bicolor;yellow;FALSE;dry;20;19;UK;53.48076;-2.24263;;
Maine coon;21;female;TRUE;60;3;black;solid;yellow;FALSE;dry;12;16;UK;53.40837;-2.99157;;
Maine coon;21;male;TRUE;58;3;black;solid;yellow;TRUE;wet;26;13;UK;53.40837;-2.99157;;
Maine coon;21;male;FALSE;42;3;black;solid;yellow;FALSE;wet;13;19;UK;51.50735;-0.12776;;
Maine coon;22;female;TRUE;58;3;red/cream;solid;yellow;FALSE;dry;14;20;UK;52.48624;-1.8904;;
Maine coon;22;female;FALSE;59;3;black;solid;yellow;FALSE;wet;13;16;UK;51.50735;-0.12776;;
Maine coon;23;male;TRUE;40;3;red/cream;tabby;yellow;FALSE;dry;12;20;Germany;51.22774;6.77346;;
Maine coon;23;female;TRUE;36;3;white;solid;blue;FALSE;dry;44;13;UK;51.50735;-0.12776;;
Maine coon;23;male;TRUE;53;3;red/cream;solid;yellow;FALSE;dry;30;18;Germany;52.52001;13.40495;;
Maine coon;24;male;TRUE;31;3;white;solid;yellow;TRUE;wet;34;13;UK;52.48624;-1.8904;;
Maine coon;24;female;TRUE;46;6;black;solid;yellow;FALSE;wet;24;13;UK;51.50735;-0.12776;;
Maine coon;24;female;FALSE;32;6;white;solid;blue;FALSE;dry;23;13;UK;52.48624;-1.8904;;
Maine coon;24;female;FALSE;38;6;brown/chocolate;tabby;yellow;FALSE;dry;29;13;UK;51.50735;-0.12776;;
Maine coon;25;female;TRUE;76;6;black;solid;yellow;FALSE;wet;33;13;UK;53.48076;-2.24263;;
Maine coon;25;female;FALSE;78;6;black;solid;yellow;FALSE;wet;14;13;UK;53.48076;-2.24263;;
Maine coon;26;female;FALSE;70;6;black;solid;yellow;FALSE;dry;25;13;UK;53.48076;-2.24263;;
Maine coon;26;female;FALSE;56;9;black;solid;green;FALSE;wet;38;13;UK;52.48624;-1.8904;;
Maine coon;26;male;FALSE;85;9;red/cream;tabby;yellow;FALSE;wet;32;13;UK;53.48076;-2.24263;;
Maine coon;26;female;TRUE;66;9;brown/chocolate;tabby;yellow;FALSE;wet;39;13;UK;52.48624;-1.8904;;
Maine coon;26;male;TRUE;51;9;brown/chocolate;tabby;yellow;FALSE;wet;39;17;UK;53.40837;-2.99157;;
Maine coon;26;male;TRUE;93;9;black;solid;yellow;FALSE;wet;29;13;UK;53.40837;-2.99157;;
Maine coon;26;female;TRUE;65;9;brown/chocolate;tabby;yellow;FALSE;dry;10;13;UK;52.48624;-1.8904;;
Maine coon;26;female;FALSE;59;9;black;solid;yellow;FALSE;wet;16;16;UK;53.40837;-2.99157;;
Maine coon;27;female;FALSE;66;9;brown/chocolate;tabby;yellow;FALSE;dry;15;13;UK;53.80076;-1.54908;;
Maine coon;27;female;TRUE;55;9;black;solid;yellow;FALSE;wet;10;13;UK;52.48624;-1.8904;;
Maine coon;28;male;FALSE;74;9;brown/chocolate;tabby;yellow;FALSE;wet;19;13;UK;51.50735;-0.12776;;
Maine coon;28;male;TRUE;68;9;red/cream;tabby;yellow;FALSE;dry;16;17;UK;53.40837;-2.99157;;
Maine coon;28;female;TRUE;80;8;black;solid;yellow;TRUE;wet;41;16;UK;52.48624;-1.8904;;
Maine coon;29;male;TRUE;71;8;red/cream;tabby;yellow;FALSE;wet;12;17;Germany;51.22774;6.77346;;
Maine coon;30;male;FALSE;56;8;brown/chocolate;tabby;green;FALSE;wet;10;16;Germany;52.52001;13.40495;;
Maine coon;30;male;TRUE;61;8;black;solid;yellow;FALSE;wet;21;13;Germany;48.13715;11.57612;;
Maine coon;30;male;TRUE;72;8;red/cream;tabby;yellow;FALSE;wet;24;13;Germany;48.13715;11.57612;;
Maine coon;31;female;TRUE;79;8;brown/chocolate;tabby;green;FALSE;dry;32;13;Germany;50.11092;8.68213;;
Maine coon;31;male;TRUE;85;8;red/cream;tabby;green;FALSE;dry;44;13;Germany;52.52001;13.40495;;
Maine coon;31;male;TRUE;55;8;brown/chocolate;tabby;yellow;FALSE;dry;17;13;UK;52.48624;-1.8904;;
Maine coon;31;male;TRUE;85;5;black;solid;yellow;TRUE;dry;27;13;UK;53.48076;-2.24263;;
Maine coon;31;female;TRUE;45;5;black;solid;yellow;FALSE;dry;35;13;UK;53.40837;-2.99157;;
Maine coon;32;male;TRUE;60;5;brown/chocolate;tabby;yellow;FALSE;wet;14;13;UK;53.48076;-2.24263;;
Maine coon;33;female;FALSE;69;5;black;solid;yellow;FALSE;dry;32;17;UK;52.48624;-1.8904;;
Maine coon;34;female;TRUE;53;5;red/cream;solid;yellow;FALSE;wet;20;13;UK;53.48076;-2.24263;;
Maine coon;34;female;TRUE;77;5;black;solid;yellow;FALSE;wet;28;17;UK;53.40837;-2.99157;;
Maine coon;34;male;TRUE;83;8;red/cream;tabby;green;FALSE;dry;31;17;USA;42.35843;-71.05977;;
Maine coon;35;male;TRUE;52;8;black;bicolor;yellow;FALSE;dry;12;13;USA;40.71427;-74.00597;;
Maine coon;35;male;FALSE;72;8;white;solid;yellow;FALSE;wet;25;17;USA;40.71427;-74.00597;;
Maine coon;36;male;TRUE;70;8;black;solid;yellow;FALSE;wet;28;16;USA;45.52345;-122.67621;;
Maine coon;36;female;TRUE;60;8;brown/chocolate;tabby;yellow;FALSE;dry;18;13;USA;45.52345;-122.67621;;
Maine coon;36;female;FALSE;41;8;black;solid;yellow;FALSE;wet;18;13;USA;39.29038;-76.61219;;
Maine coon;37;male;TRUE;62;8;red/cream;tabby;yellow;TRUE;wet;30;16;USA;41.88183;-87.62318;;
Maine coon;37;female;FALSE;79;8;black;solid;yellow;FALSE;wet;12;13;USA;42.35843;-71.05977;;
Maine coon;38;female;TRUE;62;8;brown/chocolate;solid;yellow;FALSE;wet;10;13;USA;41.88183;-87.62318;;
Maine coon;38;male;FALSE;53;9;black;bicolor;yellow;FALSE;wet;26;16;Germany;48.13715;11.57612;;
Maine coon;38;male;FALSE;80;9;black;solid;yellow;FALSE;dry;16;13;Germany;52.52001;13.40495;;
Maine coon;39;male;TRUE;72;9;brown/chocolate;solid;yellow;FALSE;dry;12;13;Germany;50.11092;8.68213;;
Maine coon;40;female;TRUE;80;9;black;solid;yellow;FALSE;wet;24;17;Germany;50.11092;8.68213;;
Maine coon;41;male;TRUE;60;9;brown/chocolate;tabby;yellow;FALSE;wet;15;13;Germany;50.11092;8.68213;;
Maine coon;41;male;FALSE;73;9;brown/chocolate;solid;yellow;FALSE;wet;37;13;Germany;52.52001;13.40495;;
Maine coon;43;female;FALSE;71;9;red/cream;solid;yellow;FALSE;dry;20;13;Germany;50.11092;8.68213;;
Maine coon;43;male;FALSE;67;9;brown/chocolate;tabby;yellow;FALSE;wet;12;16;Germany;48.13715;11.57612;;
Maine coon;43;female;FALSE;75;9;black;solid;yellow;FALSE;wet;39;16;USA;40.71427;-74.00597;;
Maine coon;43;female;TRUE;51;9;brown/chocolate;tabby;yellow;TRUE;dry;32;13;USA;42.35843;-71.05977;;
Maine coon;44;male;TRUE;53;7;brown/chocolate;tabby;yellow;FALSE;wet;36;13;USA;45.52345;-122.67621;;
Maine coon;45;female;TRUE;67;7;black;solid;green;FALSE;dry;20;13;USA;39.29038;-76.61219;;
Maine coon;46;female;TRUE;72;7;black;bicolor;yellow;FALSE;wet;26;13;USA;38.89511;-77.03637;;
Maine coon;46;female;TRUE;47;7;black;solid;green;FALSE;wet;20;13;USA;39.29038;-76.61219;;
Maine coon;46;female;FALSE;42;7;brown/chocolate;bicolor;yellow;FALSE;dry;27;13;USA;42.35843;-71.05977;;
Maine coon;46;female;TRUE;37;7;white;solid;blue;FALSE;wet;29;13;USA;47.60621;-122.33207;;
Maine coon;47;male;TRUE;67;7;brown/chocolate;tabby;green;FALSE;dry;35;13;USA;38.89511;-77.03637;;
Maine coon;49;female;TRUE;49;7;black;bicolor;yellow;TRUE;wet;10;13;USA;38.89511;-77.03637;;
Maine coon;49;female;TRUE;67;7;black;solid;yellow;FALSE;dry;27;13;USA;38.89511;-77.03637;;
Maine coon;49;male;FALSE;86;7;black;bicolor;yellow;FALSE;wet;11;13;USA;38.89511;-77.03637;;
Maine coon;49;female;FALSE;38;7;white;solid;blue;FALSE;wet;9;13;USA;37.77493;-122.41942;;
Maine coon;50;female;TRUE;39;5;brown/chocolate;solid;yellow;FALSE;wet;4;13;USA;40.71427;-74.00597;;
Maine coon;50;male;TRUE;79;5;red/cream;tabby;green;FALSE;wet;18;13;USA;40.71427;-74.00597;;
Maine coon;50;female;FALSE;57;5;black;solid;yellow;FALSE;dry;13;13;USA;38.89511;-77.03637;;
Maine coon;51;female;TRUE;69;5;black;bicolor;yellow;FALSE;dry;9;13;USA;40.71427;-74.00597;;
Maine coon;51;female;TRUE;70;5;black;solid;yellow;FALSE;dry;30;16;USA;40.71427;-74.00597;;
Maine coon;51;male;TRUE;83;8;brown/chocolate;tabby;yellow;TRUE;dry;37;13;USA;47.60621;-122.33207;;
Maine coon;51;male;FALSE;83;8;black;solid;yellow;FALSE;dry;36;16;USA;42.35843;-71.05977;;
Maine coon;52;male;TRUE;70;8;white;solid;blue;FALSE;wet;38;13;USA;45.52345;-122.67621;;
Maine coon;52;female;TRUE;48;8;black;solid;yellow;FALSE;wet;25;13;USA;42.35843;-71.05977;;
Maine coon;52;male;TRUE;63;9;brown/chocolate;tabby;yellow;FALSE;dry;27;13;USA;41.88183;-87.62318;;
Maine coon;53;female;TRUE;77;9;black;solid;yellow;FALSE;wet;33;16;USA;39.29038;-76.61219;;
Maine coon;53;female;FALSE;79;9;black;solid;green;FALSE;wet;19;13;USA;38.89511;-77.03637;;
Maine coon;53;female;FALSE;46;9;black;tortie;yellow;FALSE;wet;12;13;USA;42.35843;-71.05977;;
Maine coon;54;female;TRUE;72;9;black;solid;yellow;FALSE;wet;26;17;USA;40.71427;-74.00597;;
Maine coon;55;male;FALSE;58;9;red/cream;tabby;yellow;FALSE;wet;18;13;USA;38.89511;-77.03637;;
Maine coon;55;male;TRUE;57;9;red/cream;solid;yellow;FALSE;dry;19;13;USA;40.71427;-74.00597;;
Maine coon;56;male;TRUE;71;9;brown/chocolate;tabby;yellow;TRUE;wet;21;13;USA;40.71427;-74.00597;;
Maine coon;56;male;TRUE;51;9;brown/chocolate;tabby;yellow;FALSE;wet;21;13;USA;42.35843;-71.05977;;
Maine coon;57;female;TRUE;50;7;black;solid;yellow;FALSE;wet;9;13;USA;40.71427;-74.00597;;
Maine coon;57;female;TRUE;48;7;black;solid;green;FALSE;wet;34;13;USA;37.77493;-122.41942;;
Maine coon;57;male;TRUE;84;7;black;solid;yellow;TRUE;wet;15;13;USA;40.71427;-74.00597;;
Maine coon;58;male;FALSE;54;7;brown/chocolate;tabby;green;FALSE;wet;37;13;USA;47.60621;-122.33207;;
Maine coon;58;female;FALSE;74;6;black;tortie;yellow;FALSE;wet;27;13;USA;40.71427;-74.00597;;
Maine coon;58;female;TRUE;42;6;brown/chocolate;tabby;yellow;FALSE;dry;25;13;USA;40.71427;-74.00597;;
Maine coon;59;female;TRUE;39;6;white;solid;blue;FALSE;dry;34;13;USA;42.35843;-71.05977;;
Maine coon;59;female;TRUE;56;6;black;solid;yellow;FALSE;wet;12;13;USA;41.88183;-87.62318;;
Maine coon;60;female;TRUE;59;6;black;solid;yellow;FALSE;dry;34;13;USA;47.60621;-122.33207;;
Maine coon;60;male;FALSE;48;6;black;solid;yellow;FALSE;wet;31;17;USA;37.77493;-122.41942;;
Maine coon;60;male;TRUE;76;6;black;solid;green;FALSE;wet;27;13;USA;45.52345;-122.67621;;
Maine coon;60;female;TRUE;68;6;black;solid;yellow;FALSE;wet;16;16;USA;41.88183;-87.62318;;
Maine coon;60;male;TRUE;77;6;red/cream;tabby;yellow;TRUE;wet;22;13;USA;40.71427;-74.00597;;
Maine coon;60;male;FALSE;72;8;brown/chocolate;solid;yellow;FALSE;dry;11;13;USA;45.52345;-122.67621;;
Maine coon;61;female;TRUE;49;8;black;solid;yellow;FALSE;dry;34;13;USA;47.60621;-122.33207;;
Maine coon;61;male;TRUE;85;8;black;solid;yellow;FALSE;dry;23;13;USA;40.71427;-74.00597;;
Maine coon;62;female;TRUE;72;8;black;solid;yellow;FALSE;wet;24;13;USA;40.71427;-74.00597;;
Maine coon;62;male;FALSE;83;8;black;solid;yellow;FALSE;wet;37;17;USA;47.60621;-122.33207;;
Maine coon;62;female;TRUE;42;8;black;solid;yellow;FALSE;wet;30;13;USA;40.71427;-74.00597;;
Maine coon;62;male;TRUE;68;8;red/cream;solid;yellow;FALSE;wet;9;16;USA;39.29038;-76.61219;;
Maine coon;63;male;TRUE;88;10;brown/chocolate;solid;yellow;TRUE;dry;4;13;USA;37.77493;-122.41942;;
Maine coon;63;female;TRUE;51;10;black;solid;yellow;FALSE;dry;29;13;USA;38.89511;-77.03637;;
Maine coon;63;female;TRUE;53;10;brown/chocolate;solid;yellow;FALSE;wet;18;13;Canada;45.50889;-73.56167;;
Maine coon;63;male;FALSE;79;10;black;solid;yellow;FALSE;dry;11;13;Canada;49.24629;-123.11623;;
Maine coon;64;female;FALSE;64;10;black;bicolor;yellow;FALSE;wet;24;13;Canada;51.05;-114.06667;;
Maine coon;64;female;TRUE;53;10;black;solid;yellow;TRUE;wet;18;16;Canada;51.05;-114.06667;;
Maine coon;65;female;TRUE;57;10;brown/chocolate;tabby;yellow;FALSE;wet;14;16;Canada;43.65107;-79.34702;;
Maine coon;65;male;FALSE;66;10;red/cream;tabby;yellow;FALSE;wet;10;13;Canada;49.24629;-123.11623;;
Maine coon;65;male;TRUE;51;10;black;solid;yellow;FALSE;dry;18;13;Canada;43.65107;-79.34702;;
Maine coon;66;female;TRUE;52;10;black;solid;yellow;TRUE;dry;10;13;Canada;51.05;-114.06667;;
Maine coon;66;male;TRUE;57;10;black;solid;yellow;FALSE;dry;34;13;Canada;43.65107;-79.34702;;
Maine coon;67;male;FALSE;68;8;red/cream;tabby;green;FALSE;wet;36;16;Canada;49.24629;-123.11623;;
Maine coon;67;female;TRUE;73;8;black;solid;green;FALSE;wet;27;13;Canada;49.24629;-123.11623;;
Maine coon;67;female;TRUE;73;8;black;solid;yellow;FALSE;wet;35;13;Canada;51.05;-114.06667;;
Maine coon;67;female;FALSE;39;8;white;solid;blue;FALSE;wet;10;17;Canada;43.65107;-79.34702;;
Maine coon;67;female;FALSE;70;8;black;tortie;yellow;FALSE;wet;18;13;Canada;45.50889;-73.56167;;
Maine coon;68;female;TRUE;71;9;black;solid;yellow;FALSE;dry;18;13;Canada;51.05;-114.06667;;
Maine coon;68;female;FALSE;56;9;black;solid;green;FALSE;wet;31;13;Canada;45.50889;-73.56167;;
Maine coon;68;male;TRUE;83;9;brown/chocolate;tabby;yellow;FALSE;dry;28;13;Canada;49.24629;-123.11623;;
Maine coon;68;male;FALSE;80;9;red/cream;tabby;yellow;FALSE;dry;13;17;Canada;45.42153;-75.69719;;
Maine coon;69;female;TRUE;43;9;brown/chocolate;tortie;green;FALSE;wet;36;16;Canada;43.65107;-79.34702;;
Maine coon;69;female;TRUE;39;7;white;solid;blue;FALSE;wet;30;13;Canada;51.05;-114.06667;;
Maine coon;69;male;TRUE;51;7;black;solid;yellow;TRUE;dry;14;13;USA;41.88183;-87.62318;;
Maine coon;69;female;FALSE;68;7;black;tortie;yellow;FALSE;dry;15;16;USA;39.29038;-76.61219;;
Maine coon;69;female;TRUE;51;7;white;solid;yellow;TRUE;wet;13;13;USA;45.52345;-122.67621;;
Maine coon;70;male;TRUE;51;7;black;solid;yellow;TRUE;wet;21;13;USA;40.71427;-74.00597;;
Maine coon;71;male;FALSE;76;7;red/cream;tabby;yellow;FALSE;wet;28;13;USA;38.89511;-77.03637;;
Maine coon;71;female;TRUE;43;7;black;solid;yellow;FALSE;wet;18;13;USA;42.35843;-71.05977;;
Maine coon;71;male;TRUE;56;7;red/cream;tabby;yellow;FALSE;dry;30;13;USA;42.35843;-71.05977;;
Maine coon;72;female;TRUE;59;10;black;solid;yellow;FALSE;wet;20;16;USA;38.89511;-77.03637;;
Maine coon;72;male;FALSE;83;10;black;solid;green;FALSE;wet;10;13;USA;42.35843;-71.05977;;
Maine coon;73;male;FALSE;72;10;brown/chocolate;tabby;green;FALSE;wet;35;13;USA;40.71427;-74.00597;;
Maine coon;74;male;TRUE;58;10;black;solid;yellow;TRUE;wet;20;13;USA;41.88183;-87.62318;;
Maine coon;74;female;FALSE;55;10;black;solid;yellow;FALSE;dry;31;13;USA;38.89511;-77.03637;;
Maine coon;74;male;FALSE;87;10;black;bicolor;yellow;FALSE;wet;30;13;USA;42.35843;-71.05977;;
Maine coon;74;female;TRUE;45;10;brown/chocolate;solid;yellow;FALSE;dry;22;16;USA;40.71427;-74.00597;;
Maine coon;75;male;FALSE;87;10;brown/chocolate;tabby;yellow;FALSE;dry;36;13;USA;47.60621;-122.33207;;
Maine coon;75;female;FALSE;54;10;brown/chocolate;tabby;yellow;FALSE;dry;36;13;USA;40.71427;-74.00597;;
Maine coon;75;male;TRUE;56;10;red/cream;tabby;yellow;FALSE;wet;23;13;USA;38.89511;-77.03637;;
Maine coon;75;male;TRUE;60;10;red/cream;tabby;yellow;FALSE;wet;10;17;USA;47.60621;-122.33207;;
Maine coon;75;male;TRUE;73;10;white;solid;blue;FALSE;wet;21;13;Germany;52.52001;13.40495;;
Maine coon;76;female;TRUE;41;10;black;solid;yellow;TRUE;wet;27;13;USA;47.60621;-122.33207;;
Maine coon;76;female;TRUE;42;9;brown/chocolate;tabby;yellow;FALSE;dry;19;16;USA;38.89511;-77.03637;;
Maine coon;76;female;TRUE;41;9;brown/chocolate;tabby;green;FALSE;wet;17;13;USA;38.89511;-77.03637;;
Maine coon;76;female;FALSE;62;9;black;solid;yellow;FALSE;dry;9;13;USA;40.71427;-74.00597;;
Maine coon;77;male;FALSE;70;9;brown/chocolate;tabby;yellow;FALSE;wet;27;13;USA;39.29038;-76.61219;;
Maine coon;77;male;TRUE;66;9;brown/chocolate;tabby;yellow;FALSE;wet;33;13;USA;39.29038;-76.61219;;
Maine coon;77;female;FALSE;63;9;black;solid;yellow;FALSE;wet;13;16;USA;42.35843;-71.05977;;
Maine coon;78;male;FALSE;84;9;brown/chocolate;tabby;yellow;FALSE;wet;11;13;USA;37.77493;-122.41942;;
Maine coon;80;male;TRUE;59;9;black;solid;green;TRUE;dry;27;17;USA;40.71427;-74.00597;;
Maine coon;80;male;TRUE;76;9;black;solid;yellow;FALSE;wet;36;17;USA;42.35843;-71.05977;;
Maine coon;80;male;FALSE;84;8;red/cream;tabby;yellow;FALSE;dry;33;17;USA;40.71427;-74.00597;;
Maine coon;81;male;TRUE;51;8;black;solid;yellow;FALSE;wet;13;13;USA;45.52345;-122.67621;;
Maine coon;81;male;TRUE;75;8;brown/chocolate;tabby;yellow;FALSE;wet;18;13;USA;37.77493;-122.41942;;
Maine coon;81;male;TRUE;56;8;white;solid;yellow;TRUE;wet;18;17;USA;41.88183;-87.62318;;
Maine coon;82;female;FALSE;76;8;brown/chocolate;tabby;yellow;FALSE;dry;35;16;Germany;48.13715;11.57612;;
Maine coon;82;female;TRUE;63;8;brown/chocolate;tortie;yellow;FALSE;wet;18;16;Germany;48.13715;11.57612;;
Maine coon;82;male;TRUE;78;8;black;solid;yellow;FALSE;wet;9;13;Germany;48.13715;11.57612;;
Maine coon;82;male;TRUE;78;8;brown/chocolate;tabby;green;TRUE;dry;9;16;Germany;52.52001;13.40495;;
Maine coon;82;female;FALSE;49;11;black;solid;yellow;FALSE;dry;34;13;Germany;48.13715;11.57612;;
Maine coon;82;female;TRUE;37;11;white;solid;yellow;FALSE;wet;34;13;Germany;51.22774;6.77346;;
Maine coon;83;male;TRUE;48;11;red/cream;tabby;yellow;FALSE;wet;23;17;Germany;51.22774;6.77346;;
Maine coon;83;male;TRUE;59;11;black;solid;yellow;FALSE;wet;36;17;Germany;51.22774;6.77346;;
Maine coon;83;male;FALSE;75;11;black;solid;yellow;FALSE;wet;25;16;Germany;52.52001;13.40495;;
Maine coon;83;male;FALSE;78;11;red/cream;tabby;yellow;FALSE;wet;29;13;Germany;50.11092;8.68213;;
Maine coon;84;female;TRUE;42;11;black;solid;yellow;TRUE;wet;21;13;Germany;50.11092;8.68213;;
Maine coon;84;male;FALSE;88;11;black;solid;yellow;FALSE;wet;40;16;USA;37.77493;-122.41942;;
Maine coon;84;male;TRUE;78;11;red/cream;tabby;yellow;FALSE;wet;29;13;Germany;50.11092;8.68213;;
Maine coon;84;female;TRUE;41;7;black;solid;yellow;FALSE;dry;25;13;USA;40.71427;-74.00597;;
Maine coon;84;female;FALSE;52;7;black;tortie;yellow;FALSE;wet;30;13;USA;39.29038;-76.61219;;
Maine coon;85;female;TRUE;65;7;brown/chocolate;solid;yellow;FALSE;wet;26;17;USA;40.71427;-74.00597;;
Maine coon;85;female;TRUE;80;7;black;solid;yellow;TRUE;wet;11;19;USA;45.52345;-122.67621;;
Maine coon;86;male;TRUE;78;7;red/cream;tabby;yellow;FALSE;wet;39;16;USA;39.29038;-76.61219;;
Maine coon;86;male;TRUE;65;7;brown/chocolate;tabby;yellow;FALSE;wet;11;19;USA;42.35843;-71.05977;;
Maine coon;86;male;TRUE;62;7;black;solid;yellow;TRUE;wet;9;17;USA;42.35843;-71.05977;;
Maine coon;86;male;TRUE;73;8;black;solid;yellow;FALSE;dry;9;17;USA;37.77493;-122.41942;;
Maine coon;86;female;TRUE;48;8;black;solid;yellow;FALSE;dry;37;19;USA;37.77493;-122.41942;;
Maine coon;86;female;FALSE;49;8;black;solid;yellow;FALSE;wet;27;19;USA;42.35843;-71.05977;;
Maine coon;87;female;TRUE;49;8;red/cream;solid;yellow;FALSE;dry;37;17;USA;42.35843;-71.05977;;
Maine coon;87;female;TRUE;72;8;black;solid;green;TRUE;wet;23;19;USA;38.89511;-77.03637;;
Maine coon;87;female;FALSE;73;8;brown/chocolate;tabby;yellow;FALSE;wet;17;21;USA;42.35843;-71.05977;;
Maine coon;87;male;TRUE;69;8;red/cream;tabby;yellow;FALSE;wet;37;19;USA;40.71427;-74.00597;;
Maine coon;87;male;TRUE;67;8;brown/chocolate;tabby;yellow;FALSE;dry;20;17;USA;42.35843;-71.05977;;
Maine coon;89;male;TRUE;77;8;brown/chocolate;tabby;yellow;TRUE;wet;12;17;USA;42.35843;-71.05977;;
Maine coon;89;male;TRUE;52;9;black;solid;yellow;FALSE;wet;9;16;USA;42.35843;-71.05977;;
Maine coon;89;male;TRUE;89;9;brown/chocolate;solid;yellow;FALSE;dry;10;19;USA;42.35843;-71.05977;;
Maine coon;90;male;FALSE;79;9;black;solid;green;FALSE;wet;21;13;USA;40.71427;-74.00597;;
Maine coon;90;female;FALSE;65;9;brown/chocolate;tabby;yellow;FALSE;wet;34;19;USA;38.89511;-77.03637;;
Maine coon;90;female;TRUE;51;9;black;solid;yellow;FALSE;wet;36;21;USA;37.77493;-122.41942;;
Maine coon;90;male;TRUE;48;9;black;solid;yellow;TRUE;wet;27;16;USA;40.71427;-74.00597;;
Maine coon;91;male;FALSE;85;9;black;solid;yellow;FALSE;dry;35;16;USA;47.60621;-122.33207;;
Maine coon;91;male;FALSE;85;9;black;solid;yellow;FALSE;dry;37;17;USA;39.29038;-76.61219;;
Maine coon;92;female;FALSE;34;9;black;bicolor;green;FALSE;wet;32;13;USA;38.89511;-77.03637;;
Maine coon;92;male;FALSE;79;9;black;solid;green;FALSE;wet;19;16;USA;42.35843;-71.05977;;
Maine coon;92;male;TRUE;102;9;black;solid;yellow;FALSE;wet;16;13;USA;47.60621;-122.33207;;
Maine coon;94;female;FALSE;77;6;brown/chocolate;tabby;green;FALSE;dry;23;18;USA;42.35843;-71.05977;;
Maine coon;94;male;TRUE;56;6;black;solid;yellow;FALSE;wet;12;16;USA;37.77493;-122.41942;;
Maine coon;95;male;FALSE;75;6;black;solid;yellow;FALSE;wet;35;19;USA;40.71427;-74.00597;;
Maine coon;95;male;TRUE;81;6;red/cream;tabby;yellow;FALSE;wet;17;20;USA;39.29038;-76.61219;;
Maine coon;95;male;FALSE;81;6;brown/chocolate;tabby;yellow;FALSE;wet;11;13;USA;41.88183;-87.62318;;
Maine coon;96;male;TRUE;97;6;black;solid;yellow;TRUE;dry;11;20;USA;45.52345;-122.67621;;
Maine coon;98;female;TRUE;40;7;black;solid;yellow;FALSE;wet;29;17;USA;39.29038;-76.61219;;
Maine coon;48;female;FALSE;74;7;black;tortie;yellow;FALSE;wet;11;13;USA;39.29038;-76.61219;;
Maine coon;99;male;TRUE;79;7;black;solid;yellow;FALSE;wet;29;20;USA;40.71427;-74.00597;;
Maine coon;100;female;FALSE;62;10;black;solid;yellow;FALSE;wet;10;18;USA;37.77493;-122.41942;;
Maine coon;92;female;TRUE;39;10;white;solid;blue;FALSE;wet;37;21;USA;45.52345;-122.67621;;
Maine coon;100;female;FALSE;57;10;brown/chocolate;tabby;yellow;FALSE;wet;11;18;USA;47.60621;-122.33207;;
Maine coon;101;female;TRUE;65;10;red/cream;bicolor;yellow;FALSE;wet;15;19;USA;37.77493;-122.41942;;
Maine coon;91;female;FALSE;80;10;black;solid;yellow;FALSE;wet;38;18;USA;42.35843;-71.05977;;
Maine coon;102;male;TRUE;67;10;black;solid;green;FALSE;dry;20;20;USA;42.35843;-71.05977;;
Maine coon;74;female;TRUE;56;10;black;solid;yellow;TRUE;wet;27;13;USA;42.35843;-71.05977;;
Maine coon;103;female;TRUE;71;10;black;solid;green;FALSE;wet;29;18;USA;47.60621;-122.33207;;
Maine coon;103;male;FALSE;85;10;red/cream;tabby;green;FALSE;wet;31;20;USA;40.71427;-74.00597;;
Maine coon;103;male;FALSE;86;10;red/cream;bicolor;yellow;FALSE;wet;35;19;USA;40.71427;-74.00597;;
Maine coon;77;female;TRUE;38;5;red/cream;solid;yellow;FALSE;dry;17;16;USA;42.35843;-71.05977;;
Maine coon;94;male;TRUE;68;5;black;solid;yellow;FALSE;dry;26;21;USA;42.35843;-71.05977;;
Maine coon;65;female;TRUE;48;5;brown/chocolate;bicolor;yellow;FALSE;wet;36;13;USA;37.77493;-122.41942;;
Maine coon;104;female;FALSE;54;5;black;solid;yellow;FALSE;dry;27;21;USA;37.77493;-122.41942;;
Maine coon;67;female;TRUE;65;5;black;solid;yellow;FALSE;wet;13;13;USA;45.52345;-122.67621;;
Maine coon;77;female;FALSE;66;5;black;solid;green;FALSE;wet;10;13;USA;38.89511;-77.03637;;
Maine coon;105;female;FALSE;55;6;black;solid;yellow;FALSE;wet;13;17;USA;39.29038;-76.61219;;
Maine coon;60;female;TRUE;64;6;black;solid;yellow;TRUE;dry;37;13;USA;38.89511;-77.03637;;
Maine coon;89;female;TRUE;42;6;black;solid;yellow;FALSE;dry;12;17;USA;42.35843;-71.05977;;
Maine coon;107;female;TRUE;59;6;black;solid;yellow;FALSE;wet;18;20;USA;40.71427;-74.00597;;
Maine coon;107;female;FALSE;75;6;black;solid;yellow;FALSE;dry;27;16;USA;42.35843;-71.05977;;
Maine coon;58;female;TRUE;42;6;brown/chocolate;tortie;yellow;FALSE;wet;36;13;USA;38.89511;-77.03637;;
Maine coon;88;female;FALSE;79;6;black;solid;green;FALSE;wet;12;17;USA;40.71427;-74.00597;;
Maine coon;107;female;TRUE;36;6;brown/chocolate;tabby;yellow;FALSE;wet;5;16;USA;40.71427;-74.00597;;
Maine coon;107;female;TRUE;46;9;black;solid;yellow;TRUE;wet;16;20;USA;41.88183;-87.62318;;
Maine coon;107;female;TRUE;36;9;white;solid;yellow;FALSE;wet;26;19;USA;40.71427;-74.00597;;
Maine coon;91;male;FALSE;65;9;brown/chocolate;tabby;yellow;FALSE;wet;39;20;USA;40.71427;-74.00597;;
Maine coon;108;female;TRUE;64;9;brown/chocolate;tabby;yellow;FALSE;dry;34;20;USA;40.71427;-74.00597;;
Maine coon;108;male;TRUE;83;9;black;solid;yellow;FALSE;wet;15;21;USA;42.35843;-71.05977;;
Maine coon;108;male;TRUE;83;9;red/cream;solid;yellow;FALSE;wet;37;20;USA;47.60621;-122.33207;;
Maine coon;108;male;TRUE;75;9;red/cream;solid;yellow;TRUE;dry;12;19;USA;40.71427;-74.00597;;
Maine coon;109;male;FALSE;60;9;black;solid;yellow;FALSE;wet;13;20;USA;40.71427;-74.00597;;
Maine coon;109;male;FALSE;61;8;black;solid;yellow;FALSE;dry;18;19;USA;39.29038;-76.61219;;
Maine coon;110;male;TRUE;88;8;black;solid;yellow;FALSE;wet;10;19;USA;40.71427;-74.00597;;
Maine coon;102;female;FALSE;70;8;black;solid;yellow;FALSE;wet;37;21;USA;38.89511;-77.03637;;
Maine coon;111;male;TRUE;66;8;red/cream;solid;yellow;FALSE;wet;12;19;USA;42.35843;-71.05977;;
Maine coon;111;male;TRUE;69;7;black;solid;yellow;FALSE;wet;25;19;USA;40.71427;-74.00597;;
Maine coon;98;male;TRUE;52;7;black;solid;yellow;FALSE;wet;23;20;USA;42.35843;-71.05977;;
Maine coon;112;male;TRUE;65;7;black;solid;yellow;FALSE;wet;21;21;USA;38.89511;-77.03637;;
Maine coon;112;female;TRUE;64;7;black;solid;yellow;FALSE;wet;45;18;USA;39.29038;-76.61219;;
Maine coon;113;female;TRUE;49;7;brown/chocolate;tabby;yellow;TRUE;wet;23;16;USA;47.60621;-122.33207;;
Maine coon;59;female;FALSE;78;7;black;solid;yellow;FALSE;wet;21;13;USA;40.71427;-74.00597;;
Maine coon;113;male;FALSE;69;7;black;bicolor;yellow;FALSE;wet;31;19;USA;38.89511;-77.03637;;
Maine coon;98;male;FALSE;67;7;black;solid;yellow;FALSE;dry;22;20;USA;39.29038;-76.61219;;
Maine coon;78;female;FALSE;51;11;black;tortie;yellow;FALSE;wet;11;13;USA;40.71427;-74.00597;;
Maine coon;114;male;TRUE;87;11;black;solid;yellow;FALSE;dry;16;20;USA;47.60621;-122.33207;;
Maine coon;114;female;TRUE;46;11;black;solid;yellow;FALSE;wet;24;17;USA;39.29038;-76.61219;;
Maine coon;115;female;TRUE;76;11;brown/chocolate;tabby;yellow;FALSE;wet;15;20;USA;41.88183;-87.62318;;
Maine coon;92;male;TRUE;55;11;red/cream;tabby;yellow;FALSE;dry;18;21;USA;37.77493;-122.41942;;
Maine coon;59;female;FALSE;48;11;black;solid;yellow;FALSE;wet;16;16;USA;38.89511;-77.03637;;
Maine coon;115;male;TRUE;78;11;black;bicolor;yellow;FALSE;dry;10;19;USA;47.60621;-122.33207;;
Maine coon;116;female;FALSE;65;11;brown/chocolate;tabby;yellow;FALSE;dry;23;21;USA;42.35843;-71.05977;;
Maine coon;91;male;TRUE;59;11;black;solid;yellow;FALSE;wet;38;18;USA;42.35843;-71.05977;;
Maine coon;116;female;FALSE;54;10;black;solid;yellow;FALSE;dry;11;21;USA;40.71427;-74.00597;;
Maine coon;117;male;TRUE;74;10;brown/chocolate;tabby;yellow;TRUE;dry;16;18;USA;38.89511;-77.03637;;
Maine coon;84;male;TRUE;63;10;black;solid;yellow;FALSE;dry;17;16;USA;42.35843;-71.05977;;
Maine coon;49;female;FALSE;37;10;white;solid;blue;FALSE;dry;17;16;USA;40.71427;-74.00597;;
Maine coon;78;male;TRUE;70;10;black;solid;yellow;FALSE;wet;19;13;USA;40.71427;-74.00597;;
Maine coon;118;female;FALSE;76;10;black;tortie;yellow;FALSE;dry;28;19;USA;40.71427;-74.00597;;
Maine coon;118;female;FALSE;72;10;brown/chocolate;tabby;green;FALSE;wet;17;19;USA;40.71427;-74.00597;;
Maine coon;86;male;TRUE;48;8;red/cream;tabby;yellow;FALSE;wet;27;17;USA;39.29038;-76.61219;;
Maine coon;123;female;TRUE;60;8;black;solid;yellow;FALSE;dry;9;21;USA;38.89511;-77.03637;;
Maine coon;76;female;TRUE;65;8;black;solid;yellow;FALSE;wet;25;13;USA;38.89511;-77.03637;;
Maine coon;120;female;FALSE;53;8;black;tortie;yellow;FALSE;dry;14;17;USA;42.35843;-71.05977;;
Ragdoll;3;female;TRUE;21;8;red/cream;bicolor;blue;FALSE;wet;60;10;USA;38.89511;-77.03637;;
Ragdoll;4;male;FALSE;21;3;red/cream;colorpoint;blue;FALSE;dry;21;16;USA;37.77493;-122.41942;;
Ragdoll;4;female;FALSE;21;3;seal;tortie;green;FALSE;wet;31;16;UK;51.50735;-0.12776;;
Ragdoll;4;male;FALSE;21;3;seal;colorpoint;blue;FALSE;wet;16;17;UK;53.48076;-2.24263;;
Ragdoll;4;female;FALSE;21;3;red/cream;bicolor;blue;FALSE;dry;14;16;UK;52.48624;-1.8904;;
Ragdoll;4;female;TRUE;22;3;seal;colorpoint;green;FALSE;dry;16;20;UK;53.48076;-2.24263;;
Ragdoll;4;female;FALSE;22;3;seal;colorpoint;blue;FALSE;wet;46;15;UK;51.50735;-0.12776;;
Ragdoll;4;male;FALSE;22;3;seal;colorpoint;blue;FALSE;wet;48;21;UK;51.50735;-0.12776;;
Ragdoll;5;female;FALSE;22;3;seal;bicolor;green;FALSE;wet;27;13;UK;51.50735;-0.12776;;
Ragdoll;5;male;FALSE;22;3;red/cream;bicolor;blue;FALSE;wet;29;13;UK;53.40837;-2.99157;;
Ragdoll;5;male;FALSE;23;3;red/cream;colorpoint;blue;FALSE;wet;49;11;UK;53.48076;-2.24263;;
Ragdoll;78;male;FALSE;26;4;red/cream;bicolor;blue;FALSE;wet;42;13;UK;51.50735;-0.12776;;
Ragdoll;5;female;FALSE;26;4;red/cream;bicolor;blue;FALSE;wet;28;12;UK;53.80076;-1.54908;;
Ragdoll;80;female;FALSE;26;4;seal;colorpoint;blue;FALSE;wet;27;16;UK;53.40837;-2.99157;;
Ragdoll;39;male;FALSE;25;4;seal;colorpoint;blue;FALSE;wet;18;13;UK;53.80076;-1.54908;;
Ragdoll;5;female;TRUE;21;4;seal;colorpoint;green;FALSE;wet;48;14;UK;51.50735;-0.12776;;
Ragdoll;48;female;FALSE;27;4;seal;colorpoint;green;FALSE;wet;26;13;UK;53.40837;-2.99157;;
Ragdoll;6;female;FALSE;25;4;seal;colorpoint;blue;FALSE;wet;18;15;UK;51.50735;-0.12776;;
Ragdoll;41;male;FALSE;30;4;seal;colorpoint;blue;FALSE;wet;31;13;UK;52.48624;-1.8904;;
Ragdoll;36;male;FALSE;26;5;red/cream;bicolor;blue;FALSE;wet;20;16;UK;52.48624;-1.8904;;
Ragdoll;13;male;FALSE;29;5;red/cream;colorpoint;green;FALSE;wet;46;16;UK;53.40837;-2.99157;;
Ragdoll;78;female;FALSE;26;5;seal;tortie;blue;FALSE;wet;22;13;UK;51.50735;-0.12776;;
Ragdoll;35;male;FALSE;29;5;seal;colorpoint;blue;FALSE;wet;21;16;USA;40.71427;-74.00597;;
Ragdoll;18;male;FALSE;30;5;red/cream;colorpoint;blue;FALSE;wet;11;17;USA;38.89511;-77.03637;;
Ragdoll;6;male;FALSE;30;5;red/cream;bicolor;amber;FALSE;wet;43;11;Germany;48.13715;11.57612;;
Ragdoll;83;female;FALSE;22;4;lilac;bicolor;green;FALSE;wet;34;13;Germany;52.52001;13.40495;;
Ragdoll;7;female;FALSE;20;3;brown/chocolate;colorpoint;green;FALSE;wet;28;14;Germany;52.52001;13.40495;;
Ragdoll;41;female;FALSE;22;3;seal;colorpoint;blue;FALSE;wet;14;16;Germany;52.52001;13.40495;;
Ragdoll;7;female;TRUE;21;3;seal;colorpoint;blue;FALSE;wet;21;12;Germany;50.11092;8.68213;;
Ragdoll;7;female;FALSE;24;3;brown/chocolate;colorpoint;blue;FALSE;wet;17;13;Germany;50.11092;8.68213;;
Ragdoll;56;male;FALSE;26;3;seal;bicolor;blue;FALSE;wet;37;13;Germany;50.11092;8.68213;;
Ragdoll;16;female;FALSE;28;3;seal;colorpoint;blue;FALSE;dry;36;19;Germany;48.13715;11.57612;;
Ragdoll;8;female;TRUE;23;3;seal;colorpoint;green;FALSE;wet;26;21;Germany;51.22774;6.77346;;
Ragdoll;8;female;TRUE;22;5;seal;colorpoint;green;FALSE;wet;38;17;Germany;48.13715;11.57612;;
Ragdoll;8;female;TRUE;21;5;brown/chocolate;colorpoint;blue;FALSE;wet;47;16;Germany;48.13715;11.57612;;
Ragdoll;8;male;TRUE;31;5;red/cream;bicolor;blue;FALSE;wet;56;20;Germany;50.11092;8.68213;;
Ragdoll;9;female;TRUE;25;5;seal;colorpoint;blue;FALSE;wet;32;19;Germany;51.22774;6.77346;;
Ragdoll;37;male;TRUE;25;5;brown/chocolate;colorpoint;blue;FALSE;wet;19;16;Germany;52.52001;13.40495;;
Ragdoll;20;female;TRUE;22;5;seal;bicolor;green;FALSE;dry;45;19;Germany;48.13715;11.57612;;
Ragdoll;10;female;TRUE;26;4;seal;colorpoint;blue;FALSE;dry;53;20;Germany;50.11092;8.68213;;
Ragdoll;10;female;TRUE;24;4;seal;tortie;blue;FALSE;wet;42;20;Germany;52.52001;13.40495;;
Ragdoll;17;female;FALSE;21;4;seal;colorpoint;blue;FALSE;dry;30;19;USA;37.77493;-122.41942;;
Ragdoll;12;female;FALSE;28;4;seal;colorpoint;blue;FALSE;wet;16;18;USA;40.71427;-74.00597;;
Ragdoll;49;female;FALSE;26;4;seal;tortie;blue;FALSE;wet;9;17;USA;38.89511;-77.03637;;
Ragdoll;12;male;TRUE;31;4;brown/chocolate;colorpoint;blue;TRUE;dry;17;15;USA;38.89511;-77.03637;;
Ragdoll;12;female;FALSE;26;4;seal;colorpoint;blue;FALSE;dry;11;17;USA;38.89511;-77.03637;;
Ragdoll;12;female;FALSE;26;4;seal;colorpoint;blue;FALSE;wet;17;19;USA;47.60621;-122.33207;;
Ragdoll;51;male;TRUE;28;3;red/cream;bicolor;green;FALSE;wet;14;13;USA;45.52345;-122.67621;;
Ragdoll;13;female;TRUE;21;3;seal;bicolor;blue;FALSE;wet;22;20;USA;47.60621;-122.33207;;
Ragdoll;14;female;TRUE;24;3;brown/chocolate;colorpoint;blue;FALSE;wet;34;21;USA;47.60621;-122.33207;;
Ragdoll;57;male;TRUE;27;3;brown/chocolate;colorpoint;blue;FALSE;dry;16;13;USA;40.71427;-74.00597;;
Ragdoll;14;female;TRUE;26;3;seal;colorpoint;blue;FALSE;wet;38;18;USA;41.88183;-87.62318;;
Ragdoll;14;female;FALSE;22;3;brown/chocolate;colorpoint;blue;FALSE;dry;4;20;Canada;45.50889;-73.56167;;
Ragdoll;14;female;TRUE;20;3;seal;colorpoint;green;FALSE;dry;30;15;Canada;45.42153;-75.69719;;
Ragdoll;15;female;TRUE;26;3;seal;tortie;blue;FALSE;dry;27;18;Canada;45.42153;-75.69719;;
Ragdoll;15;female;TRUE;21;3;seal;colorpoint;blue;FALSE;wet;34;17;Canada;45.50889;-73.56167;;
Ragdoll;15;female;TRUE;27;4;seal;colorpoint;blue;FALSE;dry;19;20;Canada;49.24629;-123.11623;;
Ragdoll;15;male;TRUE;25;4;brown/chocolate;colorpoint;blue;FALSE;dry;22;18;Canada;51.05;-114.06667;;
Ragdoll;16;female;TRUE;27;4;seal;colorpoint;blue;TRUE;wet;38;16;Canada;51.05;-114.06667;;
Ragdoll;17;female;TRUE;21;4;brown/chocolate;colorpoint;blue;FALSE;dry;29;21;Canada;45.50889;-73.56167;;
Ragdoll;17;female;TRUE;28;4;seal;bicolor;blue;FALSE;wet;19;21;Canada;51.05;-114.06667;;
Ragdoll;17;female;TRUE;27;4;seal;bicolor;blue;FALSE;dry;36;19;Canada;43.65107;-79.34702;;
Ragdoll;18;male;FALSE;29;4;brown/chocolate;colorpoint;blue;FALSE;dry;3;18;UK;53.80076;-1.54908;;
Ragdoll;18;female;TRUE;23;4;seal;colorpoint;blue;FALSE;dry;4;20;UK;53.80076;-1.54908;;
Ragdoll;18;male;TRUE;28;5;brown/chocolate;colorpoint;blue;FALSE;dry;37;17;UK;53.40837;-2.99157;;
Ragdoll;18;male;FALSE;28;5;seal;colorpoint;blue;FALSE;wet;10;21;UK;53.80076;-1.54908;;
Ragdoll;48;female;TRUE;27;5;seal;colorpoint;blue;FALSE;wet;23;15;UK;53.80076;-1.54908;;
Ragdoll;41;male;TRUE;28;5;brown/chocolate;colorpoint;blue;TRUE;wet;10;15;UK;53.80076;-1.54908;;
Ragdoll;19;male;FALSE;28;5;red/cream;bicolor;blue;FALSE;wet;35;19;UK;53.80076;-1.54908;;
Ragdoll;19;female;TRUE;22;5;seal;colorpoint;blue;FALSE;wet;30;18;UK;52.48624;-1.8904;;
Ragdoll;19;female;FALSE;26;5;seal;colorpoint;blue;FALSE;wet;20;20;UK;52.48624;-1.8904;;
Ragdoll;68;male;TRUE;26;5;seal;colorpoint;blue;FALSE;dry;18;15;UK;51.50735;-0.12776;;
Ragdoll;68;female;TRUE;27;5;seal;colorpoint;green;FALSE;dry;12;16;UK;51.50735;-0.12776;;
Ragdoll;20;male;FALSE;31;5;seal;colorpoint;blue;FALSE;wet;30;19;UK;53.80076;-1.54908;;
Ragdoll;20;female;TRUE;20;5;seal;tortie;blue;FALSE;wet;32;20;UK;53.48076;-2.24263;;
Ragdoll;47;male;TRUE;28;5;seal;colorpoint;blue;FALSE;wet;2;15;UK;53.80076;-1.54908;;
Ragdoll;21;male;FALSE;29;3;seal;colorpoint;blue;TRUE;wet;11;17;Canada;49.24629;-123.11623;;
Ragdoll;22;female;TRUE;28;3;seal;colorpoint;blue;FALSE;wet;25;16;Canada;49.24629;-123.11623;;
Ragdoll;22;male;TRUE;26;3;seal;colorpoint;blue;FALSE;dry;32;21;Canada;51.05;-114.06667;;
Ragdoll;22;female;TRUE;24;3;seal;colorpoint;blue;FALSE;wet;4;17;Canada;43.65107;-79.34702;;
Ragdoll;23;male;TRUE;31;3;seal;mitted;blue;FALSE;dry;35;19;Canada;49.24629;-123.11623;;
Ragdoll;54;male;TRUE;26;4;seal;colorpoint;blue;FALSE;wet;12;15;Canada;51.05;-114.06667;;
Ragdoll;48;male;TRUE;30;4;red/cream;bicolor;green;FALSE;wet;13;15;Canada;51.05;-114.06667;;
Ragdoll;51;male;FALSE;30;4;seal;colorpoint;blue;FALSE;dry;7;15;Canada;45.50889;-73.56167;;
Ragdoll;24;female;TRUE;21;4;brown/chocolate;colorpoint;blue;FALSE;dry;22;17;Canada;45.42153;-75.69719;;
Ragdoll;24;male;TRUE;27;4;red/cream;colorpoint;green;FALSE;dry;29;15;Canada;45.50889;-73.56167;;
Ragdoll;24;female;TRUE;20;4;seal;colorpoint;blue;FALSE;wet;20;15;Canada;45.42153;-75.69719;;
Ragdoll;24;female;TRUE;23;6;brown/chocolate;colorpoint;blue;FALSE;wet;22;15;USA;42.35843;-71.05977;;
Ragdoll;62;female;TRUE;26;6;seal;colorpoint;blue;FALSE;wet;13;15;USA;40.71427;-74.00597;;
Ragdoll;25;female;TRUE;23;6;seal;mitted;green;FALSE;wet;8;17;USA;42.35843;-71.05977;;
Ragdoll;25;female;TRUE;21;6;seal;colorpoint;green;FALSE;dry;34;15;USA;47.60621;-122.33207;;
Ragdoll;25;male;TRUE;25;6;seal;colorpoint;blue;FALSE;wet;5;15;USA;47.60621;-122.33207;;
Ragdoll;25;female;TRUE;28;6;seal;colorpoint;blue;FALSE;wet;12;16;USA;42.35843;-71.05977;;
Ragdoll;26;male;TRUE;27;6;seal;colorpoint;blue;FALSE;dry;23;16;USA;38.89511;-77.03637;;
Ragdoll;26;male;TRUE;35;6;red/cream;colorpoint;blue;FALSE;wet;29;15;USA;38.89511;-77.03637;;
Ragdoll;26;female;TRUE;20;6;seal;colorpoint;green;FALSE;dry;6;15;USA;42.35843;-71.05977;;
Ragdoll;26;female;TRUE;22;6;seal;bicolor;blue;FALSE;wet;28;15;USA;38.89511;-77.03637;;
Ragdoll;71;male;TRUE;27;6;brown/chocolate;colorpoint;green;FALSE;dry;29;15;USA;42.35843;-71.05977;;
Ragdoll;27;female;TRUE;25;3;brown/chocolate;colorpoint;blue;FALSE;wet;16;16;USA;42.35843;-71.05977;;
Ragdoll;28;female;TRUE;36;3;seal;colorpoint;blue;FALSE;wet;12;15;USA;42.35843;-71.05977;;
Ragdoll;28;male;TRUE;31;3;seal;colorpoint;blue;FALSE;wet;31;15;USA;38.89511;-77.03637;;
Ragdoll;28;female;TRUE;20;5;brown/chocolate;colorpoint;green;FALSE;wet;24;15;USA;38.89511;-77.03637;;
Ragdoll;28;male;TRUE;28;5;seal;colorpoint;blue;FALSE;dry;7;15;USA;40.71427;-74.00597;;
Ragdoll;29;female;TRUE;22;5;brown/chocolate;tortie;blue;FALSE;dry;1;15;USA;47.60621;-122.33207;;
Ragdoll;29;female;FALSE;28;5;seal;colorpoint;blue;FALSE;wet;5;15;USA;39.29038;-76.61219;;
Ragdoll;30;male;TRUE;27;5;red/cream;bicolor;blue;FALSE;wet;21;15;USA;47.60621;-122.33207;;
Ragdoll;30;male;FALSE;29;5;seal;colorpoint;blue;FALSE;wet;3;15;USA;45.52345;-122.67621;;
Ragdoll;30;female;TRUE;24;5;seal;colorpoint;blue;FALSE;wet;21;17;USA;40.71427;-74.00597;;
Ragdoll;30;male;FALSE;27;5;seal;colorpoint;blue;FALSE;wet;8;15;USA;45.52345;-122.67621;;
Ragdoll;31;male;TRUE;28;5;seal;colorpoint;green;FALSE;dry;14;15;USA;39.29038;-76.61219;;
Ragdoll;32;male;TRUE;53;5;seal;bicolor;green;FALSE;dry;32;15;USA;37.77493;-122.41942;;
Ragdoll;32;female;TRUE;40;6;seal;tortie;blue;TRUE;wet;22;15;USA;45.52345;-122.67621;;
Ragdoll;32;female;FALSE;45;6;seal;colorpoint;blue;FALSE;dry;22;15;USA;42.35843;-71.05977;;
Ragdoll;32;male;FALSE;51;6;red/cream;bicolor;blue;FALSE;wet;25;15;USA;40.71427;-74.00597;;
Ragdoll;32;male;TRUE;52;6;seal;colorpoint;blue;FALSE;wet;5;15;USA;42.35843;-71.05977;;
Ragdoll;33;female;FALSE;43;6;brown/chocolate;mitted;green;FALSE;wet;21;17;USA;40.71427;-74.00597;;
Ragdoll;33;female;TRUE;47;6;seal;colorpoint;blue;FALSE;dry;34;17;USA;38.89511;-77.03637;;
Ragdoll;33;female;FALSE;48;6;brown/chocolate;bicolor;green;FALSE;wet;15;17;USA;42.35843;-71.05977;;
Ragdoll;34;female;FALSE;38;7;seal;colorpoint;blue;FALSE;wet;31;17;USA;38.89511;-77.03637;;
Ragdoll;34;male;TRUE;43;7;seal;colorpoint;blue;FALSE;wet;29;15;USA;37.77493;-122.41942;;
Ragdoll;34;male;TRUE;51;7;seal;colorpoint;green;FALSE;wet;24;17;USA;38.89511;-77.03637;;
Ragdoll;34;male;TRUE;49;7;seal;colorpoint;blue;FALSE;wet;41;15;USA;37.77493;-122.41942;;
Ragdoll;35;male;FALSE;43;7;seal;colorpoint;blue;TRUE;wet;5;15;USA;42.35843;-71.05977;;
Ragdoll;35;male;TRUE;44;7;red/cream;bicolor;green;FALSE;dry;17;15;USA;38.89511;-77.03637;;
Ragdoll;36;female;TRUE;45;9;seal;colorpoint;blue;FALSE;wet;38;15;USA;38.89511;-77.03637;;
Ragdoll;36;male;TRUE;55;9;seal;colorpoint;blue;FALSE;wet;12;16;USA;40.71427;-74.00597;;
Ragdoll;36;male;TRUE;51;9;seal;colorpoint;blue;FALSE;dry;30;17;USA;40.71427;-74.00597;;
Ragdoll;36;female;FALSE;44;9;seal;colorpoint;blue;FALSE;wet;24;15;USA;45.52345;-122.67621;;
Ragdoll;36;male;FALSE;50;9;seal;colorpoint;blue;FALSE;wet;27;17;USA;40.71427;-74.00597;;
Ragdoll;36;male;TRUE;22;9;brown/chocolate;colorpoint;blue;FALSE;wet;13;17;USA;41.88183;-87.62318;;
Ragdoll;37;female;TRUE;41;6;brown/chocolate;tortie;green;FALSE;wet;24;15;USA;41.88183;-87.62318;;
Ragdoll;37;female;FALSE;45;6;seal;colorpoint;blue;FALSE;wet;25;15;USA;37.77493;-122.41942;;
Ragdoll;37;female;TRUE;39;6;seal;colorpoint;blue;FALSE;dry;12;15;USA;47.60621;-122.33207;;
Ragdoll;38;female;TRUE;38;6;seal;colorpoint;blue;FALSE;wet;2;15;USA;42.35843;-71.05977;;
Ragdoll;38;male;TRUE;43;6;brown/chocolate;colorpoint;green;FALSE;wet;25;15;USA;41.88183;-87.62318;;
Ragdoll;38;female;FALSE;48;6;seal;colorpoint;blue;FALSE;wet;32;16;USA;41.88183;-87.62318;;
Ragdoll;38;female;FALSE;47;6;seal;colorpoint;blue;FALSE;wet;14;16;USA;40.71427;-74.00597;;
Ragdoll;38;male;TRUE;46;6;seal;colorpoint;blue;FALSE;dry;13;15;USA;40.71427;-74.00597;;
Ragdoll;38;female;TRUE;39;6;seal;colorpoint;blue;FALSE;wet;29;17;USA;38.89511;-77.03637;;
Ragdoll;38;female;TRUE;47;6;seal;colorpoint;blue;FALSE;wet;26;15;USA;38.89511;-77.03637;;
Ragdoll;38;female;TRUE;41;6;red/cream;colorpoint;green;FALSE;wet;16;15;USA;45.52345;-122.67621;;
Ragdoll;38;female;TRUE;38;5;seal;colorpoint;blue;TRUE;dry;22;15;USA;39.29038;-76.61219;;
Ragdoll;39;male;TRUE;52;5;red/cream;colorpoint;blue;FALSE;dry;1;15;USA;39.29038;-76.61219;;
Ragdoll;39;female;FALSE;39;5;brown/chocolate;colorpoint;blue;FALSE;wet;31;15;USA;45.52345;-122.67621;;
Ragdoll;39;male;TRUE;31;5;seal;colorpoint;blue;FALSE;wet;2;15;USA;45.52345;-122.67621;;
Ragdoll;39;male;TRUE;48;5;red/cream;bicolor;blue;FALSE;wet;16;16;USA;38.89511;-77.03637;;
Ragdoll;39;male;TRUE;49;5;seal;colorpoint;green;FALSE;wet;20;15;USA;39.29038;-76.61219;;
Ragdoll;39;female;TRUE;47;5;seal;colorpoint;blue;FALSE;dry;30;15;USA;42.35843;-71.05977;;
Ragdoll;39;male;TRUE;30;5;brown/chocolate;colorpoint;blue;FALSE;dry;29;15;USA;41.88183;-87.62318;;
Ragdoll;40;male;FALSE;50;5;brown/chocolate;colorpoint;blue;FALSE;wet;2;15;USA;38.89511;-77.03637;;
Ragdoll;40;male;TRUE;43;5;red/cream;colorpoint;blue;FALSE;dry;22;15;USA;40.71427;-74.00597;;
Ragdoll;40;female;FALSE;47;5;seal;colorpoint;blue;FALSE;dry;27;17;USA;40.71427;-74.00597;;
Ragdoll;40;male;TRUE;53;5;seal;colorpoint;blue;FALSE;dry;24;15;USA;42.35843;-71.05977;;
Ragdoll;40;female;FALSE;50;5;seal;colorpoint;green;TRUE;dry;27;15;USA;38.89511;-77.03637;;
Ragdoll;40;female;FALSE;39;5;seal;tortie;blue;FALSE;wet;31;16;USA;42.35843;-71.05977;;
Ragdoll;40;female;TRUE;42;5;seal;bicolor;blue;FALSE;wet;30;15;USA;47.60621;-122.33207;;
Ragdoll;40;male;TRUE;43;5;seal;colorpoint;blue;FALSE;dry;35;15;USA;40.71427;-74.00597;;
Ragdoll;41;male;FALSE;50;5;seal;colorpoint;blue;FALSE;dry;7;15;USA;47.60621;-122.33207;;
Ragdoll;41;male;TRUE;29;5;red/cream;colorpoint;blue;FALSE;wet;22;15;USA;47.60621;-122.33207;;
Ragdoll;42;female;FALSE;47;5;seal;colorpoint;green;FALSE;wet;9;15;USA;39.29038;-76.61219;;
Ragdoll;42;male;FALSE;46;5;brown/chocolate;colorpoint;blue;FALSE;wet;4;15;USA;39.29038;-76.61219;;
Ragdoll;42;male;TRUE;51;5;red/cream;colorpoint;blue;FALSE;wet;22;15;USA;37.77493;-122.41942;;
Ragdoll;42;female;FALSE;40;4;seal;colorpoint;green;FALSE;dry;17;15;France;43.61166;3.87771;;
Ragdoll;43;male;TRUE;43;4;seal;colorpoint;blue;TRUE;dry;25;17;France;44.83779;-0.57918;;
Ragdoll;43;female;TRUE;48;4;seal;colorpoint;blue;FALSE;dry;31;15;France;44.83779;-0.57918;;
Ragdoll;43;male;FALSE;50;4;brown/chocolate;colorpoint;blue;FALSE;wet;13;15;France;45.76342;4.83428;;
Ragdoll;43;male;TRUE;51;4;seal;colorpoint;green;FALSE;wet;18;16;France;43.61166;3.87771;;
Ragdoll;43;male;TRUE;45;4;red/cream;colorpoint;blue;FALSE;wet;3;15;France;48.86472;2.34901;;
Ragdoll;44;female;FALSE;41;4;seal;colorpoint;green;FALSE;wet;9;17;France;48.86472;2.34901;;
Ragdoll;44;female;TRUE;38;4;seal;colorpoint;blue;FALSE;wet;23;16;France;48.86472;2.34901;;
Ragdoll;44;female;FALSE;44;4;brown/chocolate;colorpoint;blue;FALSE;wet;6;15;France;48.86472;2.34901;;
Ragdoll;45;male;TRUE;42;4;seal;colorpoint;blue;FALSE;wet;4;17;France;47.21837;-1.55362;;
Ragdoll;45;male;TRUE;49;4;red/cream;bicolor;blue;FALSE;wet;31;15;France;45.76342;4.83428;;
Ragdoll;46;male;FALSE;53;4;seal;colorpoint;blue;FALSE;dry;6;15;USA;38.89511;-77.03637;;
Ragdoll;46;male;TRUE;45;4;brown/chocolate;colorpoint;blue;FALSE;wet;29;16;USA;39.29038;-76.61219;;
Ragdoll;46;female;TRUE;45;4;seal;colorpoint;green;FALSE;dry;29;15;USA;39.29038;-76.61219;;
Ragdoll;46;male;TRUE;46;4;red/cream;bicolor;blue;TRUE;wet;13;17;USA;47.60621;-122.33207;;
Ragdoll;46;female;FALSE;40;4;seal;tortie;blue;FALSE;wet;16;16;USA;39.29038;-76.61219;;
Ragdoll;46;female;TRUE;40;4;seal;colorpoint;blue;FALSE;dry;7;15;USA;38.89511;-77.03637;;
Ragdoll;47;male;TRUE;46;4;seal;colorpoint;green;FALSE;wet;21;17;USA;42.35843;-71.05977;;
Ragdoll;47;male;TRUE;46;4;seal;colorpoint;green;FALSE;wet;4;15;USA;40.71427;-74.00597;;
Ragdoll;47;female;FALSE;38;4;seal;colorpoint;amber;FALSE;wet;21;12;USA;41.88183;-87.62318;;
Ragdoll;48;female;TRUE;40;4;seal;colorpoint;blue;FALSE;wet;13;12;USA;45.52345;-122.67621;;
Ragdoll;49;male;TRUE;51;4;seal;colorpoint;blue;FALSE;wet;29;16;USA;42.35843;-71.05977;;
Ragdoll;49;male;TRUE;49;4;seal;colorpoint;blue;FALSE;wet;5;17;USA;39.29038;-76.61219;;
Ragdoll;50;female;TRUE;42;7;seal;colorpoint;blue;FALSE;wet;19;12;USA;45.52345;-122.67621;;
Ragdoll;51;male;TRUE;43;7;seal;colorpoint;blue;TRUE;dry;30;16;USA;38.89511;-77.03637;;
Ragdoll;52;male;TRUE;49;7;seal;colorpoint;green;FALSE;wet;32;16;USA;42.35843;-71.05977;;
Ragdoll;52;male;FALSE;42;7;red/cream;colorpoint;blue;FALSE;wet;33;12;USA;38.89511;-77.03637;;
Ragdoll;52;male;FALSE;47;7;seal;colorpoint;blue;FALSE;dry;18;15;USA;45.52345;-122.67621;;
Ragdoll;53;male;TRUE;53;7;red/cream;bicolor;blue;FALSE;dry;17;16;USA;38.89511;-77.03637;;
Ragdoll;53;female;FALSE;46;7;brown/chocolate;colorpoint;blue;FALSE;dry;8;12;USA;38.89511;-77.03637;;
Ragdoll;53;female;FALSE;44;7;seal;colorpoint;blue;FALSE;wet;7;12;USA;45.52345;-122.67621;;
Ragdoll;53;female;FALSE;50;7;seal;bicolor;green;FALSE;wet;13;12;USA;39.29038;-76.61219;;
Ragdoll;54;female;TRUE;40;7;seal;colorpoint;blue;FALSE;wet;3;12;USA;37.77493;-122.41942;;
Ragdoll;54;female;FALSE;45;7;seal;colorpoint;blue;FALSE;wet;20;16;USA;37.77493;-122.41942;;
Ragdoll;54;female;FALSE;41;7;seal;colorpoint;blue;FALSE;wet;9;17;USA;47.60621;-122.33207;;
Ragdoll;55;female;FALSE;46;7;brown/chocolate;bicolor;green;FALSE;wet;14;16;USA;40.71427;-74.00597;;
Ragdoll;55;male;TRUE;50;7;seal;colorpoint;green;TRUE;wet;28;17;USA;38.89511;-77.03637;;
Ragdoll;55;male;TRUE;46;7;seal;mitted;blue;FALSE;wet;25;16;USA;39.29038;-76.61219;;
Ragdoll;55;female;TRUE;38;7;red/cream;tortie;blue;FALSE;wet;27;12;USA;42.35843;-71.05977;;
Ragdoll;55;male;TRUE;47;7;seal;colorpoint;blue;FALSE;wet;15;12;USA;40.71427;-74.00597;;
Ragdoll;55;female;TRUE;39;7;seal;colorpoint;blue;FALSE;wet;18;12;USA;37.77493;-122.41942;;
Ragdoll;55;male;FALSE;46;7;seal;colorpoint;blue;FALSE;wet;12;12;USA;42.35843;-71.05977;;
Ragdoll;56;male;TRUE;57;3;seal;colorpoint;blue;FALSE;dry;22;12;USA;37.77493;-122.41942;;
Ragdoll;56;male;TRUE;44;3;seal;colorpoint;green;FALSE;wet;7;12;USA;42.35843;-71.05977;;
Ragdoll;56;female;FALSE;48;3;seal;colorpoint;blue;FALSE;wet;17;12;USA;40.71427;-74.00597;;
Ragdoll;57;female;FALSE;42;3;seal;colorpoint;blue;FALSE;dry;11;16;USA;47.60621;-122.33207;;
Ragdoll;57;male;TRUE;44;3;seal;colorpoint;blue;FALSE;wet;27;15;USA;40.71427;-74.00597;;
Ragdoll;58;female;TRUE;40;3;seal;colorpoint;green;FALSE;wet;36;12;USA;38.89511;-77.03637;;
Ragdoll;58;male;TRUE;52;3;red/cream;colorpoint;blue;FALSE;wet;0;12;USA;38.89511;-77.03637;;
Ragdoll;58;male;FALSE;43;3;red/cream;bicolor;blue;FALSE;wet;11;12;USA;38.89511;-77.03637;;
Ragdoll;58;male;FALSE;57;3;seal;colorpoint;blue;FALSE;dry;31;12;USA;42.35843;-71.05977;;
Ragdoll;58;female;TRUE;44;3;brown/chocolate;colorpoint;green;FALSE;wet;35;12;USA;41.88183;-87.62318;;
Ragdoll;58;male;TRUE;51;3;seal;colorpoint;green;FALSE;dry;6;12;USA;42.35843;-71.05977;;
Ragdoll;59;female;TRUE;38;3;seal;colorpoint;blue;FALSE;wet;27;16;USA;38.89511;-77.03637;;
Ragdoll;59;female;FALSE;38;3;seal;mitted;blue;FALSE;wet;14;12;USA;42.35843;-71.05977;;
Ragdoll;59;male;FALSE;51;3;seal;colorpoint;blue;FALSE;dry;36;12;USA;38.89511;-77.03637;;
Ragdoll;59;male;FALSE;48;3;seal;colorpoint;blue;FALSE;wet;14;12;USA;40.71427;-74.00597;;
Ragdoll;59;male;TRUE;47;3;seal;colorpoint;blue;FALSE;wet;14;15;USA;41.88183;-87.62318;;
Ragdoll;61;female;FALSE;40;3;brown/chocolate;colorpoint;green;FALSE;wet;32;16;USA;39.29038;-76.61219;;
Ragdoll;61;female;FALSE;44;3;seal;colorpoint;blue;FALSE;dry;9;15;USA;37.77493;-122.41942;;
Ragdoll;61;female;TRUE;48;3;seal;colorpoint;blue;FALSE;wet;7;15;USA;38.89511;-77.03637;;
Ragdoll;62;male;TRUE;51;3;red/cream;colorpoint;blue;FALSE;wet;6;16;USA;37.77493;-122.41942;;
Ragdoll;62;male;FALSE;49;3;red/cream;colorpoint;blue;FALSE;dry;12;12;USA;42.35843;-71.05977;;
Ragdoll;62;female;TRUE;50;5;seal;colorpoint;green;FALSE;wet;10;17;USA;42.35843;-71.05977;;
Ragdoll;63;female;FALSE;50;5;brown/chocolate;colorpoint;blue;FALSE;dry;33;12;USA;40.71427;-74.00597;;
Ragdoll;63;male;TRUE;45;5;seal;colorpoint;blue;FALSE;dry;30;12;USA;47.60621;-122.33207;;
Ragdoll;65;male;TRUE;61;5;seal;colorpoint;blue;FALSE;dry;11;12;USA;39.29038;-76.61219;;
Ragdoll;66;male;FALSE;45;5;seal;colorpoint;blue;FALSE;dry;23;12;USA;38.89511;-77.03637;;
Ragdoll;66;male;TRUE;48;5;seal;colorpoint;green;FALSE;wet;10;12;USA;40.71427;-74.00597;;
Ragdoll;66;male;TRUE;47;5;red/cream;bicolor;blue;FALSE;dry;20;15;USA;47.60621;-122.33207;;
Ragdoll;67;male;FALSE;52;5;red/cream;bicolor;green;FALSE;wet;1;15;Germany;48.13715;11.57612;;
Ragdoll;67;male;TRUE;48;5;seal;colorpoint;blue;FALSE;wet;17;15;Germany;50.11092;8.68213;;
Ragdoll;67;female;FALSE;42;7;seal;colorpoint;blue;FALSE;wet;9;17;Germany;51.22774;6.77346;;
Ragdoll;67;male;FALSE;52;7;seal;colorpoint;blue;FALSE;wet;26;12;Germany;50.11092;8.68213;;
Ragdoll;67;male;TRUE;46;7;seal;colorpoint;blue;FALSE;wet;15;12;Germany;50.11092;8.68213;;
Ragdoll;68;female;FALSE;43;7;seal;colorpoint;blue;FALSE;wet;24;12;Germany;50.11092;8.68213;;
Ragdoll;68;female;TRUE;43;7;seal;colorpoint;green;FALSE;wet;3;15;Germany;51.22774;6.77346;;
Ragdoll;68;male;FALSE;46;7;red/cream;colorpoint;blue;FALSE;wet;32;12;Germany;51.22774;6.77346;;
Ragdoll;68;male;FALSE;52;7;red/cream;colorpoint;blue;FALSE;wet;30;12;Germany;51.22774;6.77346;;
Ragdoll;68;male;TRUE;45;7;seal;colorpoint;blue;FALSE;wet;14;12;Germany;52.52001;13.40495;;
Ragdoll;68;female;TRUE;41;8;seal;colorpoint;blue;FALSE;wet;9;12;USA;38.89511;-77.03637;;
Ragdoll;68;male;TRUE;53;8;red/cream;colorpoint;blue;TRUE;wet;24;17;USA;40.71427;-74.00597;;
Ragdoll;68;female;TRUE;40;8;seal;colorpoint;blue;FALSE;dry;26;12;USA;38.89511;-77.03637;;
Ragdoll;69;male;FALSE;48;8;seal;colorpoint;blue;FALSE;wet;10;12;USA;40.71427;-74.00597;;
Ragdoll;69;male;TRUE;43;8;seal;bicolor;amber;FALSE;wet;12;12;USA;40.71427;-74.00597;;
Ragdoll;70;female;TRUE;39;8;seal;mitted;blue;FALSE;wet;2;16;USA;41.88183;-87.62318;;
Ragdoll;70;male;TRUE;44;8;seal;colorpoint;blue;FALSE;wet;10;12;USA;41.88183;-87.62318;;
Ragdoll;70;female;FALSE;45;8;lilac;colorpoint;blue;FALSE;wet;9;12;USA;42.35843;-71.05977;;
Ragdoll;72;female;TRUE;42;8;brown/chocolate;colorpoint;blue;FALSE;wet;9;16;USA;40.71427;-74.00597;;
Ragdoll;72;female;FALSE;45;8;red/cream;mitted;blue;FALSE;wet;15;16;USA;40.71427;-74.00597;;
Ragdoll;72;male;TRUE;44;8;seal;colorpoint;blue;FALSE;wet;28;15;USA;38.89511;-77.03637;;
Ragdoll;72;male;TRUE;48;8;seal;colorpoint;blue;FALSE;wet;17;12;USA;38.89511;-77.03637;;
Ragdoll;72;female;FALSE;38;5;seal;colorpoint;green;FALSE;wet;23;16;USA;45.52345;-122.67621;;
Ragdoll;73;female;TRUE;45;5;seal;colorpoint;blue;FALSE;wet;30;12;USA;40.71427;-74.00597;;
Ragdoll;73;male;TRUE;51;5;red/cream;colorpoint;blue;FALSE;wet;18;16;USA;40.71427;-74.00597;;
Ragdoll;73;female;FALSE;36;5;seal;colorpoint;blue;FALSE;wet;4;12;USA;40.71427;-74.00597;;
Ragdoll;73;female;TRUE;45;5;seal;colorpoint;blue;FALSE;wet;31;17;USA;38.89511;-77.03637;;
Ragdoll;73;female;TRUE;42;5;seal;colorpoint;blue;FALSE;wet;11;15;USA;37.77493;-122.41942;;
Ragdoll;73;female;TRUE;40;5;seal;colorpoint;green;FALSE;wet;15;16;USA;47.60621;-122.33207;;
Ragdoll;73;male;FALSE;43;5;seal;bicolor;blue;FALSE;wet;20;15;USA;40.71427;-74.00597;;
Ragdoll;73;female;TRUE;41;5;seal;colorpoint;blue;FALSE;dry;18;12;USA;45.52345;-122.67621;;
Ragdoll;74;male;TRUE;43;5;brown/chocolate;colorpoint;blue;FALSE;wet;5;17;UK;52.48624;-1.8904;;
Ragdoll;74;male;FALSE;51;5;seal;colorpoint;blue;FALSE;wet;15;12;UK;53.40837;-2.99157;;
Ragdoll;74;female;TRUE;40;5;seal;bicolor;blue;FALSE;dry;9;17;UK;51.50735;-0.12776;;
Ragdoll;75;female;FALSE;48;4;red/cream;colorpoint;blue;FALSE;dry;27;12;UK;51.50735;-0.12776;;
Ragdoll;75;female;FALSE;50;4;seal;colorpoint;blue;FALSE;wet;10;16;UK;53.40837;-2.99157;;
Ragdoll;75;male;TRUE;44;4;seal;colorpoint;blue;FALSE;wet;23;17;UK;51.50735;-0.12776;;
Ragdoll;75;male;FALSE;44;4;seal;bicolor;green;FALSE;wet;12;12;UK;51.50735;-0.12776;;
Ragdoll;75;female;FALSE;48;4;seal;colorpoint;blue;TRUE;dry;10;12;UK;53.80076;-1.54908;;
Ragdoll;75;male;TRUE;47;4;seal;colorpoint;blue;FALSE;dry;27;12;UK;53.40837;-2.99157;;
Ragdoll;76;female;TRUE;38;4;seal;tortie;blue;FALSE;wet;18;17;UK;53.48076;-2.24263;;
Ragdoll;76;female;FALSE;47;4;seal;colorpoint;blue;FALSE;dry;9;12;UK;51.50735;-0.12776;;
Ragdoll;78;female;TRUE;46;4;seal;colorpoint;blue;FALSE;dry;27;12;UK;51.50735;-0.12776;;
Ragdoll;78;male;TRUE;46;4;seal;mitted;green;FALSE;wet;1;12;UK;51.50735;-0.12776;;
Ragdoll;78;female;TRUE;38;4;brown/chocolate;tortie;blue;FALSE;wet;5;12;USA;37.77493;-122.41942;;
Ragdoll;78;male;TRUE;51;4;seal;colorpoint;blue;FALSE;wet;22;17;Germany;52.52001;13.40495;;
Ragdoll;79;female;TRUE;48;4;seal;tortie;blue;FALSE;dry;19;12;USA;37.77493;-122.41942;;
Ragdoll;79;female;TRUE;38;4;seal;colorpoint;blue;FALSE;wet;18;17;USA;45.52345;-122.67621;;
Ragdoll;80;female;FALSE;46;4;seal;bicolor;blue;FALSE;dry;3;12;Germany;52.52001;13.40495;;
Ragdoll;80;male;TRUE;44;3;brown/chocolate;colorpoint;blue;FALSE;wet;7;12;Germany;48.13715;11.57612;;
Ragdoll;81;male;TRUE;53;3;red/cream;bicolor;green;FALSE;wet;18;12;Germany;50.11092;8.68213;;
Ragdoll;81;female;TRUE;44;3;seal;colorpoint;blue;FALSE;dry;6;17;Germany;52.52001;13.40495;;
Ragdoll;82;female;FALSE;49;3;lilac;colorpoint;blue;FALSE;wet;33;12;Germany;50.11092;8.68213;;
Ragdoll;83;male;TRUE;45;3;seal;colorpoint;blue;FALSE;wet;26;15;Germany;48.13715;11.57612;;
Ragdoll;84;male;TRUE;48;3;seal;colorpoint;blue;FALSE;wet;28;12;Germany;52.52001;13.40495;;
Ragdoll;84;female;FALSE;40;3;seal;tortie;blue;FALSE;wet;5;15;Germany;52.52001;13.40495;;
Ragdoll;84;male;TRUE;52;3;seal;colorpoint;green;FALSE;wet;13;17;Germany;50.11092;8.68213;;
Ragdoll;85;male;TRUE;48;3;brown/chocolate;colorpoint;blue;FALSE;wet;21;17;USA;40.71427;-74.00597;;
Ragdoll;85;male;TRUE;45;3;seal;colorpoint;blue;FALSE;wet;25;21;USA;42.35843;-71.05977;;
Ragdoll;85;female;FALSE;48;3;seal;mitted;blue;FALSE;dry;9;17;USA;45.52345;-122.67621;;
Ragdoll;85;female;TRUE;31;3;brown/chocolate;colorpoint;blue;FALSE;wet;7;16;USA;40.71427;-74.00597;;
Ragdoll;86;female;FALSE;46;3;seal;colorpoint;blue;FALSE;wet;34;19;USA;38.89511;-77.03637;;
Ragdoll;86;male;TRUE;43;9;brown/chocolate;bicolor;blue;FALSE;wet;5;20;USA;40.71427;-74.00597;;
Ragdoll;87;male;FALSE;50;9;red/cream;colorpoint;blue;TRUE;wet;25;18;USA;40.71427;-74.00597;;
Ragdoll;87;male;TRUE;43;9;seal;colorpoint;green;FALSE;dry;20;20;USA;42.35843;-71.05977;;
Ragdoll;87;female;FALSE;50;9;seal;colorpoint;blue;FALSE;wet;20;20;USA;38.89511;-77.03637;;
Ragdoll;88;female;TRUE;38;9;brown/chocolate;mitted;blue;FALSE;wet;16;20;USA;45.52345;-122.67621;;
Ragdoll;88;male;TRUE;58;9;seal;colorpoint;blue;FALSE;wet;4;15;USA;40.71427;-74.00597;;
Ragdoll;88;male;TRUE;47;9;seal;colorpoint;blue;FALSE;wet;21;18;USA;42.35843;-71.05977;;
Ragdoll;90;male;FALSE;51;9;seal;colorpoint;blue;FALSE;wet;24;15;USA;38.89511;-77.03637;;
Ragdoll;90;female;TRUE;50;9;seal;colorpoint;blue;FALSE;wet;9;19;USA;42.35843;-71.05977;;
Ragdoll;90;male;FALSE;49;6;seal;colorpoint;blue;FALSE;dry;12;17;USA;42.35843;-71.05977;;
Ragdoll;91;male;TRUE;45;6;seal;colorpoint;blue;FALSE;wet;34;19;USA;38.89511;-77.03637;;
Ragdoll;91;male;TRUE;47;6;seal;colorpoint;blue;FALSE;wet;16;21;USA;45.52345;-122.67621;;
Ragdoll;91;male;TRUE;47;6;seal;colorpoint;green;FALSE;dry;10;16;USA;38.89511;-77.03637;;
Ragdoll;91;male;TRUE;43;6;seal;colorpoint;blue;FALSE;wet;3;15;Canada;45.42153;-75.69719;;
Ragdoll;91;male;TRUE;49;6;seal;colorpoint;green;FALSE;wet;26;18;Canada;51.05;-114.06667;;
Ragdoll;92;female;TRUE;50;6;red/cream;colorpoint;blue;FALSE;wet;7;19;Canada;51.05;-114.06667;;
Ragdoll;92;male;FALSE;45;6;seal;colorpoint;blue;FALSE;wet;21;19;Canada;43.65107;-79.34702;;
Ragdoll;92;female;TRUE;49;6;seal;colorpoint;blue;TRUE;wet;29;18;Canada;51.05;-114.06667;;
Ragdoll;92;male;TRUE;62;6;brown/chocolate;bicolor;green;FALSE;wet;13;17;Canada;51.05;-114.06667;;
Ragdoll;92;female;TRUE;48;6;brown/chocolate;colorpoint;blue;FALSE;dry;27;20;Canada;49.24629;-123.11623;;
Ragdoll;92;male;TRUE;49;6;red/cream;colorpoint;blue;FALSE;wet;23;17;Canada;51.05;-114.06667;;
Ragdoll;93;male;TRUE;49;6;seal;colorpoint;blue;FALSE;wet;14;19;Canada;51.05;-114.06667;;
Ragdoll;93;female;FALSE;47;6;seal;colorpoint;blue;FALSE;wet;28;21;Canada;45.50889;-73.56167;;
Ragdoll;93;male;TRUE;43;6;seal;bicolor;blue;FALSE;wet;27;19;Canada;51.05;-114.06667;;
Ragdoll;93;male;TRUE;63;6;red/cream;bicolor;green;FALSE;wet;5;16;Canada;51.05;-114.06667;;
Ragdoll;93;female;TRUE;38;7;seal;colorpoint;blue;FALSE;wet;13;16;Canada;45.50889;-73.56167;;
Ragdoll;93;male;FALSE;48;7;seal;bicolor;blue;FALSE;wet;26;17;Canada;43.65107;-79.34702;;
Ragdoll;94;female;FALSE;44;7;brown/chocolate;colorpoint;blue;FALSE;dry;2;15;Canada;45.50889;-73.56167;;
Ragdoll;94;male;TRUE;50;7;brown/chocolate;bicolor;green;FALSE;wet;13;18;USA;40.71427;-74.00597;;
Ragdoll;94;female;TRUE;38;7;seal;colorpoint;blue;FALSE;wet;0;18;USA;47.60621;-122.33207;;
Ragdoll;95;female;FALSE;48;7;brown/chocolate;colorpoint;blue;FALSE;wet;18;16;USA;42.35843;-71.05977;;
Ragdoll;95;male;FALSE;49;7;seal;colorpoint;green;FALSE;wet;34;18;USA;39.29038;-76.61219;;
Ragdoll;96;male;TRUE;45;7;seal;colorpoint;blue;FALSE;wet;15;20;USA;42.35843;-71.05977;;
Ragdoll;96;male;TRUE;46;7;brown/chocolate;colorpoint;blue;FALSE;wet;19;18;USA;37.77493;-122.41942;;
Ragdoll;96;female;TRUE;41;7;seal;colorpoint;blue;FALSE;wet;30;19;USA;39.29038;-76.61219;;
Ragdoll;96;male;TRUE;48;7;seal;colorpoint;blue;FALSE;dry;18;16;USA;42.35843;-71.05977;;
Ragdoll;94;female;TRUE;45;7;seal;colorpoint;blue;FALSE;dry;19;21;USA;38.89511;-77.03637;;
Ragdoll;96;female;TRUE;48;7;seal;bicolor;blue;FALSE;wet;31;16;USA;41.88183;-87.62318;;
Ragdoll;97;male;FALSE;51;7;seal;colorpoint;blue;FALSE;wet;10;19;USA;42.35843;-71.05977;;
Ragdoll;95;female;TRUE;47;3;seal;colorpoint;green;FALSE;wet;27;15;USA;45.52345;-122.67621;;
Ragdoll;97;male;TRUE;47;3;red/cream;colorpoint;blue;FALSE;dry;10;19;USA;42.35843;-71.05977;;
Ragdoll;98;female;TRUE;38;3;seal;tortie;blue;FALSE;dry;2;16;USA;38.89511;-77.03637;;
Ragdoll;98;male;FALSE;53;3;seal;colorpoint;blue;FALSE;wet;28;20;USA;47.60621;-122.33207;;
Ragdoll;98;male;TRUE;44;3;seal;colorpoint;blue;FALSE;wet;36;19;USA;40.71427;-74.00597;;
Ragdoll;98;male;FALSE;48;3;seal;colorpoint;blue;FALSE;dry;22;20;USA;42.35843;-71.05977;;
Ragdoll;98;female;FALSE;44;3;brown/chocolate;colorpoint;blue;FALSE;dry;28;20;USA;39.29038;-76.61219;;
Ragdoll;98;male;TRUE;50;3;red/cream;colorpoint;blue;FALSE;wet;8;19;USA;41.88183;-87.62318;;
Ragdoll;99;male;TRUE;46;3;seal;colorpoint;blue;FALSE;dry;7;16;USA;47.60621;-122.33207;;
Ragdoll;99;female;TRUE;39;3;seal;bicolor;blue;FALSE;wet;10;19;USA;42.35843;-71.05977;;
Ragdoll;99;male;TRUE;44;8;seal;colorpoint;green;FALSE;wet;26;19;USA;45.52345;-122.67621;;
Ragdoll;101;male;FALSE;53;8;seal;colorpoint;blue;FALSE;dry;13;17;USA;42.35843;-71.05977;;
Ragdoll;101;female;TRUE;41;8;brown/chocolate;colorpoint;blue;FALSE;dry;29;20;USA;42.35843;-71.05977;;
Ragdoll;102;female;TRUE;47;8;brown/chocolate;colorpoint;blue;FALSE;dry;9;20;USA;40.71427;-74.00597;;
Ragdoll;102;male;TRUE;45;8;seal;colorpoint;blue;FALSE;wet;21;20;USA;42.35843;-71.05977;;
Ragdoll;102;male;TRUE;52;8;seal;colorpoint;blue;FALSE;wet;22;17;USA;37.77493;-122.41942;;
Ragdoll;103;female;FALSE;50;8;seal;colorpoint;blue;FALSE;wet;32;18;USA;42.35843;-71.05977;;
Ragdoll;103;female;TRUE;44;8;seal;colorpoint;blue;FALSE;wet;12;20;USA;39.29038;-76.61219;;
Ragdoll;103;male;FALSE;46;4;brown/chocolate;colorpoint;blue;FALSE;wet;14;19;USA;38.89511;-77.03637;;
Ragdoll;103;male;FALSE;53;4;brown/chocolate;colorpoint;green;FALSE;wet;34;18;USA;38.89511;-77.03637;;
Ragdoll;55;female;TRUE;46;4;seal;tortie;blue;FALSE;wet;13;12;USA;38.89511;-77.03637;;
Ragdoll;104;female;TRUE;48;4;seal;tortie;blue;FALSE;wet;20;18;USA;40.71427;-74.00597;;
Ragdoll;105;female;FALSE;43;4;seal;colorpoint;blue;FALSE;wet;15;20;USA;38.89511;-77.03637;;
Ragdoll;105;male;FALSE;50;4;seal;colorpoint;blue;FALSE;wet;33;21;USA;40.71427;-74.00597;;
Ragdoll;54;female;TRUE;45;4;seal;tortie;blue;FALSE;wet;26;15;USA;38.89511;-77.03637;;
Ragdoll;105;female;TRUE;38;4;seal;colorpoint;blue;TRUE;wet;30;19;USA;42.35843;-71.05977;;
Ragdoll;105;female;FALSE;43;4;seal;colorpoint;blue;FALSE;wet;18;18;USA;47.60621;-122.33207;;
Ragdoll;67;female;FALSE;45;4;seal;colorpoint;blue;FALSE;dry;16;12;USA;39.29038;-76.61219;;
Ragdoll;106;female;FALSE;41;4;seal;bicolor;blue;FALSE;wet;11;20;USA;38.89511;-77.03637;;
Ragdoll;107;male;TRUE;44;4;seal;colorpoint;blue;FALSE;wet;25;20;USA;39.29038;-76.61219;;
Ragdoll;107;male;TRUE;52;4;red/cream;colorpoint;blue;FALSE;wet;19;19;USA;47.60621;-122.33207;;
Ragdoll;107;male;TRUE;55;6;seal;colorpoint;green;FALSE;wet;15;18;USA;41.88183;-87.62318;;
Ragdoll;107;female;FALSE;43;6;seal;colorpoint;blue;FALSE;wet;13;18;USA;37.77493;-122.41942;;
Ragdoll;108;male;TRUE;45;6;seal;bicolor;blue;FALSE;wet;8;19;USA;45.52345;-122.67621;;
Ragdoll;108;male;FALSE;52;6;red/cream;colorpoint;blue;FALSE;wet;25;17;USA;38.89511;-77.03637;;
Ragdoll;108;female;FALSE;47;6;seal;colorpoint;blue;FALSE;wet;30;19;USA;38.89511;-77.03637;;
Ragdoll;108;male;TRUE;43;6;red/cream;colorpoint;blue;FALSE;wet;20;17;USA;38.89511;-77.03637;;
Ragdoll;109;male;FALSE;46;6;seal;colorpoint;blue;FALSE;wet;21;18;USA;37.77493;-122.41942;;
Ragdoll;61;female;TRUE;38;6;seal;tortie;green;FALSE;wet;18;17;USA;38.89511;-77.03637;;
Ragdoll;109;male;TRUE;47;5;seal;colorpoint;blue;FALSE;dry;8;20;USA;38.89511;-77.03637;;
Ragdoll;109;male;FALSE;46;5;brown/chocolate;colorpoint;blue;FALSE;wet;13;21;USA;40.71427;-74.00597;;
Ragdoll;110;female;TRUE;49;5;red/cream;colorpoint;blue;FALSE;wet;30;17;USA;42.35843;-71.05977;;
Ragdoll;110;male;TRUE;46;5;seal;colorpoint;blue;FALSE;wet;23;18;USA;45.52345;-122.67621;;
Ragdoll;110;male;TRUE;50;5;brown/chocolate;colorpoint;green;FALSE;wet;29;18;USA;47.60621;-122.33207;;
Ragdoll;32;female;FALSE;38;5;seal;colorpoint;blue;FALSE;wet;8;12;USA;38.89511;-77.03637;;
Ragdoll;111;female;FALSE;48;5;seal;bicolor;blue;FALSE;wet;15;18;USA;38.89511;-77.03637;;
Ragdoll;111;female;FALSE;48;5;seal;colorpoint;green;FALSE;dry;14;20;USA;42.35843;-71.05977;;
Ragdoll;111;male;TRUE;47;5;seal;colorpoint;blue;FALSE;dry;6;17;USA;45.52345;-122.67621;;
Ragdoll;111;female;TRUE;48;5;seal;colorpoint;blue;FALSE;dry;28;20;USA;39.29038;-76.61219;;
Ragdoll;112;male;FALSE;50;8;brown/chocolate;colorpoint;blue;FALSE;wet;27;19;USA;40.71427;-74.00597;;
Ragdoll;67;female;FALSE;49;8;seal;colorpoint;blue;FALSE;wet;29;16;USA;38.89511;-77.03637;;
Ragdoll;112;female;TRUE;39;8;seal;colorpoint;blue;FALSE;wet;13;19;USA;40.71427;-74.00597;;
Ragdoll;112;female;TRUE;47;8;lilac;colorpoint;blue;FALSE;wet;11;16;USA;40.71427;-74.00597;;
Ragdoll;113;male;TRUE;46;8;brown/chocolate;colorpoint;blue;FALSE;wet;22;16;USA;40.71427;-74.00597;;
Ragdoll;113;female;TRUE;38;8;seal;colorpoint;blue;FALSE;wet;38;21;USA;38.89511;-77.03637;;
Ragdoll;113;female;TRUE;45;8;brown/chocolate;colorpoint;blue;FALSE;wet;27;17;USA;42.35843;-71.05977;;
Ragdoll;113;male;TRUE;54;4;seal;colorpoint;green;FALSE;wet;6;18;USA;38.89511;-77.03637;;
Ragdoll;114;female;TRUE;48;4;seal;colorpoint;blue;FALSE;wet;13;19;USA;40.71427;-74.00597;;
Ragdoll;62;female;FALSE;40;4;seal;colorpoint;blue;FALSE;wet;22;15;USA;39.29038;-76.61219;;
Ragdoll;114;male;TRUE;58;4;red/cream;colorpoint;blue;FALSE;wet;0;18;USA;40.71427;-74.00597;;
Ragdoll;114;male;FALSE;53;4;seal;colorpoint;green;FALSE;wet;21;20;USA;41.88183;-87.62318;;
Ragdoll;115;male;TRUE;51;4;red/cream;colorpoint;blue;FALSE;wet;23;19;USA;40.71427;-74.00597;;
Ragdoll;115;male;TRUE;46;4;red/cream;colorpoint;blue;FALSE;dry;29;19;USA;42.35843;-71.05977;;
Ragdoll;115;male;FALSE;50;4;seal;colorpoint;blue;FALSE;wet;30;16;USA;41.88183;-87.62318;;
Ragdoll;115;male;TRUE;48;4;seal;colorpoint;green;FALSE;dry;18;21;USA;40.71427;-74.00597;;
Ragdoll;48;female;TRUE;44;4;seal;bicolor;blue;FALSE;dry;36;17;USA;40.71427;-74.00597;;
Ragdoll;116;male;TRUE;43;4;seal;colorpoint;blue;FALSE;wet;14;16;USA;41.88183;-87.62318;;
Ragdoll;116;female;TRUE;38;4;seal;colorpoint;blue;FALSE;wet;31;19;USA;39.29038;-76.61219;;
Ragdoll;116;female;TRUE;42;4;seal;colorpoint;blue;FALSE;wet;16;17;USA;40.71427;-74.00597;;
Ragdoll;117;male;FALSE;47;6;seal;colorpoint;green;FALSE;dry;24;17;USA;40.71427;-74.00597;;
Ragdoll;56;female;FALSE;47;6;seal;mitted;blue;FALSE;wet;8;12;USA;41.88183;-87.62318;;
Ragdoll;67;female;FALSE;35;6;brown/chocolate;tortie;blue;FALSE;wet;11;17;USA;39.29038;-76.61219;;
Ragdoll;118;male;FALSE;56;6;seal;colorpoint;blue;FALSE;wet;18;19;USA;45.52345;-122.67621;;
Ragdoll;118;male;TRUE;45;6;seal;colorpoint;green;FALSE;wet;24;17;USA;37.77493;-122.41942;;
Ragdoll;118;female;TRUE;41;6;lilac;colorpoint;blue;FALSE;wet;19;16;USA;45.52345;-122.67621;;
Ragdoll;118;female;TRUE;44;6;seal;colorpoint;blue;FALSE;wet;18;19;USA;42.35843;-71.05977;;
Ragdoll;56;female;TRUE;49;7;seal;colorpoint;blue;TRUE;wet;24;12;USA;47.60621;-122.33207;;
Ragdoll;56;female;TRUE;42;7;seal;colorpoint;blue;FALSE;wet;24;12;USA;41.88183;-87.62318;;
Ragdoll;130;female;TRUE;41;7;seal;colorpoint;blue;FALSE;dry;31;18;USA;40.71427;-74.00597;;
Ragdoll;119;female;TRUE;33;7;seal;colorpoint;green;FALSE;dry;4;19;USA;39.29038;-76.61219;;
Ragdoll;37;female;TRUE;45;7;red/cream;bicolor;blue;FALSE;wet;16;15;USA;38.89511;-77.03637;;
Ragdoll;126;female;TRUE;43;5;seal;bicolor;blue;FALSE;wet;0;19;USA;45.52345;-122.67621;;
Ragdoll;120;male;TRUE;48;5;brown/chocolate;colorpoint;blue;FALSE;dry;16;16;USA;37.77493;-122.41942;;
Ragdoll;1;male;FALSE;11;5;seal;colorpoint;blue;FALSE;wet;20;21;USA;38.89511;-77.03637;;
Ragdoll;1;male;FALSE;12;5;seal;colorpoint;blue;FALSE;wet;31;20;USA;41.88183;-87.62318;;
Ragdoll;1;male;FALSE;11;5;seal;colorpoint;blue;FALSE;dry;40;19;USA;40.71427;-74.00597;;
Ragdoll;1;male;FALSE;12;5;seal;colorpoint;blue;FALSE;wet;29;20;USA;47.60621;-122.33207;;
Ragdoll;1;male;FALSE;12;5;seal;colorpoint;blue;FALSE;wet;30;22;USA;40.71427;-74.00597;;
Ragdoll;2;female;FALSE;14;5;seal;colorpoint;blue;FALSE;wet;20;18;USA;40.71427;-74.00597;;
Ragdoll;1;male;FALSE;10;6;red/cream;bicolor;blue;TRUE;dry;26;21;USA;41.88183;-87.62318;;
Ragdoll;2;female;FALSE;14;6;red/cream;bicolor;blue;FALSE;wet;21;20;USA;40.71427;-74.00597;;
Ragdoll;1;female;FALSE;11;6;red/cream;bicolor;blue;FALSE;wet;23;21;USA;41.88183;-87.62318;;
Ragdoll;1;male;FALSE;15;6;red/cream;bicolor;blue;FALSE;dry;34;21;USA;42.35843;-71.05977;;
Ragdoll;1;female;FALSE;10;6;red/cream;tortie;blue;FALSE;wet;39;21;USA;45.52345;-122.67621;;
Ragdoll;2;female;FALSE;14;6;brown/chocolate;colorpoint;blue;FALSE;wet;35;18;USA;42.35843;-71.05977;;
Ragdoll;1;male;FALSE;15;6;brown/chocolate;colorpoint;blue;FALSE;dry;39;22;USA;37.77493;-122.41942;;
Ragdoll;1;male;FALSE;10;6;red/cream;colorpoint;blue;FALSE;wet;31;20;USA;47.60621;-122.33207;;
Ragdoll;2;female;FALSE;13;6;red/cream;colorpoint;blue;FALSE;wet;30;18;USA;40.71427;-74.00597;;
Ragdoll;1;female;FALSE;13;6;red/cream;colorpoint;blue;FALSE;wet;37;22;USA;39.29038;-76.61219;;
Ragdoll;2;female;FALSE;16;5;red/cream;colorpoint;blue;TRUE;wet;34;18;USA;40.71427;-74.00597;;
Ragdoll;2;female;FALSE;16;2;red/cream;tortie;blue;FALSE;dry;31;18;USA;42.35843;-71.05977;;
Ragdoll;2;male;FALSE;17;2;red/cream;bicolor;blue;FALSE;wet;39;18;USA;41.88183;-87.62318;;
Angora;1;male;FALSE;12;2;white;solid;blue;FALSE;wet;36;19;USA;42.35843;-71.05977;;
Angora;1;female;FALSE;13;2;white;solid;blue;FALSE;wet;31;20;USA;38.89511;-77.03637;;
Angora;2;female;FALSE;16;2;white;solid;blue;FALSE;wet;36;20;USA;40.71427;-74.00597;;
Angora;2;male;FALSE;17;2;black;solid;blue;FALSE;dry;40;20;USA;40.71427;-74.00597;;
Angora;2;male;FALSE;15;2;white;solid;green;FALSE;wet;22;20;USA;41.88183;-87.62318;;
Angora;2;female;FALSE;17;2;white;solid;blue;FALSE;wet;38;20;USA;42.35843;-71.05977;;
Angora;1;female;FALSE;15;2;white;solid;blue;FALSE;wet;40;22;UK;51.50735;-0.12776;;
Angora;2;male;FALSE;14;2;black;solid;blue;FALSE;dry;40;20;USA;40.71427;-74.00597;;
Angora;2;male;FALSE;15;3;white;solid;green;FALSE;wet;38;20;USA;45.52345;-122.67621;;
Angora;1;female;FALSE;14;3;white;solid;blue;TRUE;wet;37;20;USA;40.71427;-74.00597;;
Angora;2;female;FALSE;14;3;white;solid;blue;FALSE;wet;32;18;Germany;50.11092;8.68213;;
Angora;2;female;FALSE;17;3;white;solid;green;FALSE;wet;39;19;USA;37.77493;-122.41942;;
Angora;2;female;FALSE;14;3;white;solid;blue;FALSE;dry;24;18;USA;38.89511;-77.03637;;
Angora;2;male;FALSE;16;3;white;solid;blue;FALSE;wet;34;19;USA;41.88183;-87.62318;;
Maine coon;1;male;FALSE;15;3;white;solid;blue;FALSE;wet;25;19;USA;38.89511;-77.03637;;
Maine coon;1;female;FALSE;15;3;brown/chocolate;tabby;green;FALSE;wet;34;21;USA;40.71427;-74.00597;;
Maine coon;1;female;FALSE;13;3;red/cream;tabby;blue;FALSE;wet;30;22;USA;39.29038;-76.61219;;
Maine coon;1;male;FALSE;15;3;black;bicolor;green;FALSE;dry;40;21;USA;42.35843;-71.05977;;
Maine coon;2;male;FALSE;14;3;red/cream;tabby;blue;FALSE;wet;38;18;USA;40.71427;-74.00597;;
Maine coon;1;female;FALSE;15;1;red/cream;tortie;blue;FALSE;wet;22;21;USA;40.71427;-74.00597;;
Maine coon;1;female;FALSE;12;1;brown/chocolate;tabby;green;TRUE;wet;33;20;USA;40.71427;-74.00597;;
Maine coon;1;male;FALSE;13;1;brown/chocolate;tabby;blue;FALSE;dry;36;19;USA;38.89511;-77.03637;;
Maine coon;2;male;FALSE;15;1;brown/chocolate;tabby;green;FALSE;wet;21;20;UK;53.48076;-2.24263;;
Maine coon;2;female;FALSE;15;1;brown/chocolate;tabby;blue;FALSE;wet;23;18;UK;53.80076;-1.54908;;
Maine coon;2;female;FALSE;12;1;brown/chocolate;solid;green;FALSE;wet;31;19;UK;53.48076;-2.24263;;
Maine coon;2;female;FALSE;15;1;white;solid;blue;FALSE;wet;35;20;UK;51.50735;-0.12776;;
Maine coon;2;female;FALSE;17;1;black;bicolor;blue;FALSE;wet;36;19;UK;51.50735;-0.12776;;
Maine coon;2;male;FALSE;14;1;red/cream;tabby;blue;FALSE;wet;20;20;UK;51.50735;-0.12776;;
Maine coon;2;male;FALSE;16;1;red/cream;tabby;green;FALSE;wet;34;19;UK;52.48624;-1.8904;;
Maine coon;2;female;FALSE;15;1;red/cream;solid;blue;FALSE;wet;39;20;UK;51.50735;-0.12776;;
